cenario_id,perda_cfg,delay_cfg,jitter_cfg,repeticao,timestamp,ping_count,stall_events,avg_bitrate_selected_kbps,quality_switches,up_switches,down_switches,http_goodput_kbps,goodput_min_kbps,goodput_max_kbps,goodput_std_kbps,tcp_conn_ms,tcp_conn_min_ms,tcp_conn_max_ms,tcp_conn_std_ms,http_ok_pct,rtt_ms,jitter_ms,perda_medida,n_amostras
p0_d0,0,0,0,1,2026-06-07T15:49:21.768971,10,0,8000.0,2,2,0,72980.32,53802.78,86848.57,8466.51,6.32,6.11,6.58,0.11,100.0,6.18,0.07,0.0,24
p0_d0,0,0,0,2,2026-06-07T15:51:01.803845,10,0,8000.0,2,2,0,83189.66,53856.64,87308.22,6840.75,6.35,6.25,6.37,0.04,100.0,6.19,0.11,0.0,24
p0_d0,0,0,0,3,2026-06-07T15:52:41.829618,10,0,8000.0,2,2,0,83207.3,54209.98,87497.82,6777.87,6.35,6.28,6.38,0.03,100.0,6.19,0.11,0.0,24
p0_d0,0,0,0,4,2026-06-07T15:54:21.855019,10,0,8000.0,2,2,0,83241.13,53963.64,87327.62,6815.93,6.34,6.09,6.4,0.07,100.0,6.19,0.1,0.0,24
p0_d0,0,0,0,5,2026-06-07T15:56:01.880733,10,0,8000.0,2,2,0,83202.9,53967.89,87459.56,6817.93,6.35,6.28,6.39,0.03,100.0,6.19,0.1,0.0,24
p0_d0,0,0,0,6,2026-06-07T15:57:41.906314,10,0,8000.0,2,2,0,83201.35,54023.15,87369.1,6801.3,6.35,6.27,6.39,0.03,100.0,6.19,0.1,0.0,24
p0_d0,0,0,0,7,2026-06-07T15:59:21.931562,10,0,8000.0,2,2,0,83251.12,54169.3,87612.43,6778.46,6.35,6.27,6.41,0.03,100.0,6.18,0.11,0.0,24
p0_d0,0,0,0,8,2026-06-07T16:01:01.957065,10,0,8000.0,2,2,0,83212.46,53996.57,87345.34,6802.46,6.36,6.27,6.39,0.02,100.0,6.19,0.1,0.0,24
p0_d0,0,0,0,9,2026-06-07T16:02:41.982679,10,0,8000.0,2,2,0,83232.48,54114.8,87353.37,6808.08,6.36,6.27,6.4,0.02,100.0,6.19,0.1,0.0,24
p0_d0,0,0,0,10,2026-06-07T16:04:22.008131,10,0,8000.0,2,2,0,83244.64,54127.62,87366.76,6771.62,6.36,6.32,6.37,0.01,100.0,6.19,0.1,0.0,24
p0_d0,0,0,0,11,2026-06-07T16:06:02.033757,10,0,8000.0,2,2,0,83273.34,54136.16,87481.37,6775.09,6.36,6.21,6.45,0.04,100.0,6.19,0.1,0.0,24
p0_d0,0,0,0,12,2026-06-07T16:07:42.059262,10,0,8000.0,2,2,0,83175.89,54027.41,87379.81,6778.78,6.34,6.27,6.38,0.04,100.0,6.19,0.1,0.0,24
p0_d0,0,0,0,13,2026-06-07T16:09:22.084594,10,0,8000.0,2,2,0,83187.24,54129.75,87479.02,6796.23,6.36,6.32,6.39,0.01,100.0,6.19,0.1,0.0,24
p0_d0,0,0,0,14,2026-06-07T16:11:02.110046,10,0,8000.0,2,2,0,83225.67,54000.82,87324.61,6800.56,6.35,6.28,6.38,0.02,100.0,6.19,0.1,0.0,24
p0_d0,0,0,0,15,2026-06-07T16:12:42.135695,10,0,8000.0,2,2,0,83288.02,54199.26,87634.98,6755.34,6.34,6.18,6.37,0.05,100.0,6.19,0.1,0.0,24
p0_d0,0,0,0,16,2026-06-07T16:14:22.161684,10,0,8000.0,2,2,0,83145.24,53979.57,87347.02,6794.57,6.34,6.09,6.44,0.06,100.0,6.2,0.1,0.0,24
p0_d0,0,0,0,17,2026-06-07T16:16:02.187326,10,0,8000.0,2,2,0,83199.42,54178.93,87276.49,6762.14,6.35,6.28,6.38,0.03,100.0,6.19,0.1,0.0,24
p0_d0,0,0,0,18,2026-06-07T16:17:42.212896,10,0,8000.0,2,2,0,83210.18,54169.3,87392.2,6790.55,6.35,6.24,6.4,0.04,100.0,6.2,0.09,0.0,24
p0_d0,0,0,0,19,2026-06-07T16:19:22.238562,10,0,8000.0,2,2,0,83199.21,54217.47,87382.82,6765.56,6.35,6.26,6.39,0.03,100.0,6.19,0.1,0.0,24
p0_d0,0,0,0,20,2026-06-07T16:21:02.263934,10,0,8000.0,2,2,0,83256.32,53992.32,87331.63,6807.49,6.35,6.27,6.4,0.04,100.0,6.19,0.11,0.0,24
p0_d0,0,0,0,21,2026-06-07T16:22:42.289519,10,0,8000.0,2,2,0,83213.91,54199.26,87378.14,6782.07,6.35,6.27,6.38,0.03,100.0,6.19,0.11,0.0,24
p0_d0,0,0,0,22,2026-06-07T16:24:22.315077,10,0,8000.0,2,2,0,83187.66,54126.54,87477.34,6797.93,6.36,6.28,6.39,0.02,100.0,6.19,0.1,0.0,24
p0_d0,0,0,0,23,2026-06-07T16:26:02.340690,10,0,8000.0,2,2,0,83218.58,54267.88,87303.22,6761.9,6.35,6.27,6.37,0.03,100.0,6.19,0.1,0.0,24
p0_d0,0,0,0,24,2026-06-07T16:27:42.366410,10,0,8000.0,2,2,0,83175.39,54180.0,87382.15,6807.55,6.36,6.3,6.38,0.01,100.0,6.19,0.1,0.0,24
p0_d0,0,0,0,25,2026-06-07T16:29:22.391780,10,0,8000.0,2,2,0,83188.64,53993.38,87375.46,6810.9,6.35,6.27,6.38,0.02,100.0,6.19,0.11,0.0,24
p0_d0,0,0,0,26,2026-06-07T16:31:02.417003,10,0,8000.0,2,2,0,83201.36,53937.12,87444.81,6804.8,6.35,6.27,6.38,0.03,100.0,6.19,0.1,0.0,24
p0_d0,0,0,0,27,2026-06-07T16:32:42.442614,10,0,8000.0,2,2,0,83255.34,54150.06,87402.92,6764.01,6.34,6.27,6.36,0.03,100.0,6.19,0.11,0.0,24
p0_d0,0,0,0,28,2026-06-07T16:34:22.468153,10,0,8000.0,2,2,0,83182.68,54235.7,87461.58,6765.81,6.35,6.28,6.38,0.03,100.0,6.2,0.1,0.0,24
p0_d0,0,0,0,29,2026-06-07T16:36:02.493626,10,0,8000.0,2,2,0,83170.23,54135.1,87344.01,6777.27,6.34,6.25,6.42,0.05,100.0,6.19,0.1,0.0,24
p0_d0,0,0,0,30,2026-06-07T16:37:42.519157,10,0,8000.0,2,2,0,83185.43,53973.2,87311.9,6806.95,6.35,6.28,6.39,0.02,100.0,6.2,0.1,0.0,24
p0_d50,0,50,5,1,2026-06-07T16:39:22.544618,10,0,8000.0,2,2,0,30716.25,8611.87,38634.94,6882.35,56.62,44.48,65.86,5.19,100.0,56.24,4.64,0.0,24
p0_d50,0,50,5,2,2026-06-07T16:41:12.766548,10,0,8000.0,2,2,0,30206.2,8453.39,39314.63,6771.75,54.75,47.24,65.5,4.92,100.0,56.46,4.09,0.0,24
p0_d50,0,50,5,3,2026-06-07T16:43:03.045478,10,0,8000.0,2,2,0,30273.11,8640.43,38513.59,7130.07,56.56,41.6,69.11,7.06,100.0,56.34,4.53,0.0,24
p0_d50,0,50,5,4,2026-06-07T16:44:53.338524,10,0,8000.0,2,2,0,30528.41,8813.06,39560.68,7193.16,54.71,47.98,66.01,4.77,100.0,56.05,4.6,0.0,24
p0_d50,0,50,5,5,2026-06-07T16:46:43.477707,10,0,8000.0,2,2,0,30158.73,8335.5,38653.3,7140.89,55.42,45.0,64.55,4.85,100.0,56.49,4.91,0.0,24
p0_d50,0,50,5,6,2026-06-07T16:48:33.776649,10,0,8000.0,2,2,0,30671.28,8544.68,39494.16,7400.98,54.5,40.05,63.86,6.04,100.0,56.15,4.51,0.0,24
p0_d50,0,50,5,7,2026-06-07T16:50:23.959402,10,0,8000.0,2,2,0,30975.42,8401.13,38930.9,7258.8,56.32,45.28,69.78,5.7,100.0,56.51,4.41,0.0,24
p0_d50,0,50,5,8,2026-06-07T16:52:14.086728,10,0,8000.0,2,2,0,30518.56,8237.58,39449.34,7131.64,55.79,45.89,64.54,4.1,100.0,56.29,4.93,0.0,24
p0_d50,0,50,5,9,2026-06-07T16:54:04.372719,10,0,8000.0,2,2,0,30535.86,8548.99,39577.3,7256.31,55.49,44.54,63.47,4.49,100.0,55.81,4.55,0.0,24
p0_d50,0,50,5,10,2026-06-07T16:55:54.561770,10,0,8000.0,2,2,0,31556.51,8262.39,39297.26,7392.13,54.29,39.18,64.12,5.61,100.0,56.36,4.72,0.0,24
p0_d50,0,50,5,11,2026-06-07T16:57:44.681154,10,0,8000.0,2,2,0,31007.99,8283.42,38622.93,7025.17,56.3,44.63,64.04,5.62,100.0,56.67,4.55,0.0,24
p0_d50,0,50,5,12,2026-06-07T16:59:34.841584,10,0,8000.0,2,2,0,30938.7,8232.61,40207.14,7413.06,55.24,43.7,64.28,5.18,100.0,55.96,4.13,0.0,24
p0_d50,0,50,5,13,2026-06-07T17:01:25.020858,10,0,8000.0,2,2,0,29752.77,8208.0,38457.26,7031.34,56.16,51.8,67.97,4.19,100.0,56.16,4.48,0.0,24
p0_d50,0,50,5,14,2026-06-07T17:03:15.434402,10,0,8000.0,2,2,0,31248.46,8614.42,38022.72,7081.58,56.46,44.32,70.39,5.53,100.0,56.36,4.4,0.0,24
p0_d50,0,50,5,15,2026-06-07T17:05:05.568542,10,0,8000.0,2,2,0,31422.89,8544.14,39582.24,7219.61,55.62,48.28,62.39,3.45,100.0,56.7,4.35,0.0,24
p0_d50,0,50,5,16,2026-06-07T17:06:55.699866,10,0,8000.0,2,2,0,30019.67,8051.06,39901.56,7327.58,56.09,46.3,66.46,5.16,100.0,56.4,4.49,0.0,24
p0_d50,0,50,5,17,2026-06-07T17:08:46.105289,10,0,8000.0,2,2,0,31038.2,8502.04,39047.14,6935.33,57.06,45.2,66.46,5.08,100.0,56.25,4.38,0.0,24
p0_d50,0,50,5,18,2026-06-07T17:10:36.244547,10,0,8000.0,2,2,0,31272.48,8023.86,38441.59,7267.22,57.93,47.18,70.72,6.08,100.0,56.36,4.7,0.0,24
p0_d50,0,50,5,19,2026-06-07T17:12:26.363215,10,0,8000.0,2,2,0,31192.84,8367.38,39396.81,7211.99,56.4,45.77,68.49,6.57,100.0,55.94,4.86,0.0,24
p0_d50,0,50,5,20,2026-06-07T17:14:16.501766,10,0,8000.0,2,2,0,31017.92,8465.86,40013.01,7181.4,59.51,50.08,65.87,4.13,100.0,56.66,4.31,0.0,24
p0_d50,0,50,5,21,2026-06-07T17:16:06.631226,10,0,8000.0,2,2,0,30776.24,8664.78,38874.76,7310.19,56.11,46.52,68.28,4.48,100.0,56.24,4.39,0.0,24
p0_d50,0,50,5,22,2026-06-07T17:17:56.842869,10,0,8000.0,2,2,0,31103.9,8325.86,39263.87,7187.82,55.73,45.86,67.53,5.28,100.0,56.39,4.81,0.0,24
p0_d50,0,50,5,23,2026-06-07T17:19:46.964602,10,0,8000.0,2,2,0,30593.05,8275.65,38932.79,7018.61,57.62,48.88,64.51,4.32,100.0,56.14,4.67,0.0,24
p0_d50,0,50,5,24,2026-06-07T17:21:37.257540,10,0,8000.0,2,2,0,30878.6,8217.98,38975.61,7232.63,57.04,49.86,67.56,5.63,100.0,55.91,4.48,0.0,24
p0_d50,0,50,5,25,2026-06-07T17:23:27.386260,10,0,8000.0,2,2,0,31030.27,8335.19,39863.06,7174.47,56.74,45.0,65.8,5.41,100.0,56.23,4.19,0.0,24
p0_d50,0,50,5,26,2026-06-07T17:25:17.520949,10,0,8000.0,2,2,0,30375.61,8712.25,39717.62,7083.94,56.4,48.84,64.47,4.18,100.0,56.23,4.78,0.0,24
p0_d50,0,50,5,27,2026-06-07T17:27:07.884715,10,0,8000.0,2,2,0,31201.85,8414.16,39240.09,7102.61,57.69,48.53,67.01,5.17,100.0,56.05,4.95,0.0,24
p0_d50,0,50,5,28,2026-06-07T17:28:58.008561,10,0,8000.0,2,2,0,31028.81,8488.15,38471.57,7085.4,55.39,49.07,66.43,4.15,100.0,56.32,4.78,0.0,24
p0_d50,0,50,5,29,2026-06-07T17:30:48.140846,10,0,8000.0,2,2,0,30788.01,8272.58,38961.58,7212.69,56.43,50.15,64.81,4.2,100.0,56.04,4.85,0.0,24
p0_d50,0,50,5,30,2026-06-07T17:32:38.292446,10,0,8000.0,2,2,0,30818.12,8440.21,39838.76,7312.17,57.12,49.68,64.69,3.93,100.0,56.2,4.72,0.0,24
p0_d200,0,200,10,1,2026-06-07T17:34:28.483837,5,0,7529.41,4,3,1,8180.65,2309.52,12504.11,2928.65,208.61,194.96,225.82,8.45,100.0,204.72,6.52,0.0,22
p0_d200,0,200,10,2,2026-06-07T17:36:29.337208,5,0,7529.41,4,3,1,8277.51,2297.18,12119.71,3006.13,206.53,183.81,228.06,11.5,100.0,207.54,8.52,0.0,22
p0_d200,0,200,10,3,2026-06-07T17:38:29.916148,5,0,7555.56,4,3,1,8375.57,2309.3,12404.18,2960.51,205.74,191.19,225.76,8.67,100.0,206.18,8.8,0.0,23
p0_d200,0,200,10,4,2026-06-07T17:40:33.101375,5,0,7529.41,4,3,1,8168.56,2319.26,12331.3,2889.93,208.26,191.48,228.52,10.77,100.0,206.84,8.4,0.0,22
p0_d200,0,200,10,5,2026-06-07T17:42:33.923056,5,0,7555.56,4,3,1,8383.06,2291.05,12458.37,2957.98,206.26,189.34,222.54,8.81,100.0,207.33,7.74,0.0,23
p0_d200,0,200,10,6,2026-06-07T17:44:36.926281,5,0,7555.56,4,3,1,8410.17,2250.22,12365.68,2964.88,204.4,188.25,219.55,7.7,100.0,207.7,9.37,0.0,23
p0_d200,0,200,10,7,2026-06-07T17:46:39.833147,5,0,7555.56,4,3,1,8357.68,2290.77,12339.2,2918.7,206.63,190.77,230.11,11.67,100.0,206.7,7.41,0.0,23
p0_d200,0,200,10,8,2026-06-07T17:48:42.939435,5,0,7555.56,4,3,1,8373.31,2226.37,12365.62,2938.98,205.04,183.29,224.62,10.84,100.0,207.38,7.99,0.0,23
p0_d200,0,200,10,9,2026-06-07T17:50:46.048929,5,0,7555.56,4,3,1,8373.96,2363.0,12337.51,2945.46,204.11,186.56,223.92,9.19,100.0,206.12,8.12,0.0,23
p0_d200,0,200,10,10,2026-06-07T17:52:49.199345,5,0,7555.56,4,3,1,8396.79,2311.38,12130.38,2920.18,203.87,179.44,222.32,11.34,100.0,205.73,7.83,0.0,23
p0_d200,0,200,10,11,2026-06-07T17:54:52.030913,5,0,7555.56,4,3,1,8353.31,2272.91,12263.98,2941.72,208.21,182.29,228.19,12.87,100.0,207.2,8.7,0.0,23
p0_d200,0,200,10,12,2026-06-07T17:56:55.223955,5,0,7529.41,4,3,1,8255.33,2307.74,12481.02,2979.69,206.43,184.19,226.7,10.14,100.0,206.28,8.24,0.0,22
p0_d200,0,200,10,13,2026-06-07T17:58:55.675551,5,0,7529.41,4,3,1,8079.88,2291.84,12319.95,2873.21,203.18,188.04,223.57,7.91,100.0,204.94,8.53,0.0,22
p0_d200,0,200,10,14,2026-06-07T18:00:57.058873,5,0,7555.56,4,3,1,8368.44,2292.12,12158.89,2928.12,203.21,184.98,222.62,8.24,100.0,205.92,8.6,0.0,23
p0_d200,0,200,10,15,2026-06-07T18:03:00.083113,5,0,7555.56,4,3,1,8407.64,2256.24,12360.67,2935.06,203.94,189.12,221.67,8.64,100.0,204.97,8.15,0.0,23
p0_d200,0,200,10,16,2026-06-07T18:05:02.946150,5,0,7555.56,4,3,1,8380.45,2314.35,12262.44,2930.18,206.71,192.42,222.6,7.33,100.0,206.12,8.52,0.0,23
p0_d200,0,200,10,17,2026-06-07T18:07:05.959794,5,0,7529.41,4,3,1,8235.98,2322.52,12362.11,2970.89,205.69,185.77,223.99,8.4,100.0,207.5,8.27,0.0,22
p0_d200,0,200,10,18,2026-06-07T18:09:06.519752,5,0,7555.56,4,3,1,8345.86,2235.38,12548.52,2970.39,210.15,192.64,235.78,10.79,100.0,204.96,9.01,0.0,23
p0_d200,0,200,10,19,2026-06-07T18:11:09.763832,5,1,7529.41,4,3,1,8051.09,2283.9,12419.7,3065.53,207.35,196.23,219.28,6.26,100.0,205.97,8.86,0.0,22
p0_d200,0,200,10,20,2026-06-07T18:13:12.096409,5,0,7555.56,4,3,1,8397.08,2259.67,12508.87,2940.28,203.56,187.28,215.29,7.79,100.0,206.56,8.82,0.0,23
p0_d200,0,200,10,21,2026-06-07T18:15:15.075108,5,0,7555.56,4,3,1,8386.75,2295.43,12451.98,2955.07,207.81,189.98,221.72,9.33,100.0,206.31,8.51,0.0,23
p0_d200,0,200,10,22,2026-06-07T18:17:18.089866,5,0,7529.41,4,3,1,8258.66,2283.91,12322.14,3017.2,205.4,189.84,232.33,11.04,100.0,205.27,8.95,0.0,22
p0_d200,0,200,10,23,2026-06-07T18:19:18.635649,5,0,7555.56,4,3,1,8368.86,2246.04,12338.47,2952.27,208.49,183.55,223.47,11.28,100.0,205.98,8.54,0.0,23
p0_d200,0,200,10,24,2026-06-07T18:21:21.739431,5,0,7555.56,4,3,1,8355.24,2285.25,12355.03,2911.43,205.57,184.79,229.37,10.34,100.0,207.69,7.29,0.0,23
p0_d200,0,200,10,25,2026-06-07T18:23:24.852874,5,0,7529.41,4,3,1,8288.36,2273.92,12463.0,2969.82,204.11,184.67,228.53,9.9,100.0,208.19,8.32,0.0,22
p0_d200,0,200,10,26,2026-06-07T18:25:25.274093,5,0,7555.56,4,3,1,8401.06,2290.72,12443.42,2949.31,206.16,179.87,225.34,11.69,100.0,208.55,8.63,0.0,23
p0_d200,0,200,10,27,2026-06-07T18:27:28.240585,5,0,7555.56,4,3,1,8392.12,2286.88,12224.6,2946.21,207.31,194.08,227.53,9.61,100.0,207.42,9.06,0.0,23
p0_d200,0,200,10,28,2026-06-07T18:29:31.197196,5,0,7555.56,4,3,1,8332.52,2267.86,12309.21,2900.14,205.62,189.44,224.16,10.2,100.0,206.47,9.24,0.0,23
p0_d200,0,200,10,29,2026-06-07T18:31:34.415584,5,0,7555.56,4,3,1,8392.32,2237.2,12419.97,2965.41,206.1,183.3,227.76,10.38,100.0,206.54,8.92,0.0,23
p0_d200,0,200,10,30,2026-06-07T18:33:37.303135,5,0,7555.56,4,3,1,8325.77,2311.98,12112.46,2869.91,205.03,176.22,225.3,11.25,100.0,205.45,7.55,0.0,23
p0_d500,0,500,20,1,2026-06-07T18:35:40.443422,5,10,1200.0,0,0,0,931.33,731.47,1082.14,117.25,517.98,487.58,556.34,18.39,100.0,507.09,12.33,0.0,14
p0_d500,0,500,20,2,2026-06-07T18:37:43.110581,5,4,1200.0,0,0,0,952.81,752.76,1101.29,114.69,502.55,472.93,534.1,15.48,100.0,504.14,14.95,0.0,14
p0_d500,0,500,20,3,2026-06-07T18:39:44.785384,5,5,1200.0,0,0,0,953.03,735.62,1125.86,122.1,501.55,474.08,531.68,18.67,100.0,504.99,16.59,0.0,14
p0_d500,0,500,20,4,2026-06-07T18:41:46.399848,5,4,1200.0,0,0,0,957.89,744.97,1124.5,120.03,505.57,478.15,547.95,21.15,100.0,504.34,16.15,0.0,14
p0_d500,0,500,20,5,2026-06-07T18:43:47.751547,5,3,1200.0,0,0,0,948.67,741.97,1107.58,111.69,494.27,470.76,530.76,18.67,100.0,505.9,16.94,0.0,14
p0_d500,0,500,20,6,2026-06-07T18:45:49.619712,5,3,1200.0,0,0,0,955.94,766.11,1105.96,116.53,503.09,469.75,543.58,18.56,100.0,503.32,18.96,0.0,14
p0_d500,0,500,20,7,2026-06-07T18:47:51.115269,5,6,1200.0,0,0,0,952.16,737.55,1121.99,116.98,509.4,465.63,534.52,20.55,100.0,504.05,13.66,0.0,14
p0_d500,0,500,20,8,2026-06-07T18:49:52.877737,5,3,1200.0,0,0,0,957.95,734.49,1126.06,124.7,513.49,470.38,537.15,19.35,100.0,508.91,16.19,0.0,14
p0_d500,0,500,20,9,2026-06-07T18:51:54.336299,5,7,1200.0,0,0,0,949.54,748.37,1098.98,118.84,514.65,485.13,557.2,25.51,100.0,508.52,19.06,0.0,14
p0_d500,0,500,20,10,2026-06-07T18:53:56.147716,5,4,1200.0,0,0,0,952.53,760.25,1124.42,115.5,514.84,464.88,540.6,20.33,100.0,505.43,16.93,0.0,14
p0_d500,0,500,20,11,2026-06-07T18:55:57.790522,5,3,1200.0,0,0,0,954.53,752.4,1110.26,118.12,509.19,484.25,542.3,15.2,100.0,509.01,15.67,0.0,14
p0_d500,0,500,20,12,2026-06-07T18:57:59.502999,5,2,1200.0,0,0,0,958.31,747.42,1122.3,115.58,497.94,465.25,536.8,21.48,100.0,506.15,18.05,0.0,14
p0_d500,0,500,20,13,2026-06-07T19:00:00.855643,5,5,1200.0,0,0,0,952.85,750.13,1098.69,113.35,509.41,479.65,543.52,17.83,100.0,503.46,16.54,0.0,14
p0_d500,0,500,20,14,2026-06-07T19:02:02.479241,5,4,1200.0,0,0,0,952.05,751.68,1107.24,115.33,503.36,456.38,543.39,22.63,100.0,502.68,15.65,0.0,14
p0_d500,0,500,20,15,2026-06-07T19:04:04.039372,5,4,1200.0,0,0,0,955.96,738.08,1143.99,123.08,507.71,488.57,535.37,14.83,100.0,506.43,15.57,0.0,14
p0_d500,0,500,20,16,2026-06-07T19:06:05.620361,5,4,1200.0,0,0,0,958.17,755.9,1126.8,118.49,503.85,450.85,541.96,26.04,100.0,503.91,16.59,0.0,14
p0_d500,0,500,20,17,2026-06-07T19:08:07.070976,5,6,1200.0,0,0,0,950.14,751.14,1086.86,113.99,516.09,494.49,545.57,17.07,100.0,506.84,16.47,0.0,14
p0_d500,0,500,20,18,2026-06-07T19:10:08.950430,5,5,1200.0,0,0,0,952.18,753.42,1111.19,115.36,517.72,474.53,545.37,17.72,100.0,504.84,14.38,0.0,14
p0_d500,0,500,20,19,2026-06-07T19:12:10.689509,5,4,1200.0,0,0,0,956.62,776.15,1122.94,108.54,507.74,466.18,549.19,23.87,100.0,507.32,16.02,0.0,14
p0_d500,0,500,20,20,2026-06-07T19:14:12.136329,5,2,1200.0,0,0,0,961.61,754.51,1116.97,120.1,504.86,475.13,531.72,18.76,100.0,506.76,17.53,0.0,14
p0_d500,0,500,20,21,2026-06-07T19:16:13.412578,5,3,1200.0,0,0,0,960.74,766.58,1113.73,119.2,497.04,460.69,521.46,17.41,100.0,508.71,17.7,0.0,14
p0_d500,0,500,20,22,2026-06-07T19:18:14.911654,5,5,1200.0,0,0,0,953.61,754.56,1107.88,119.78,508.62,460.34,572.77,27.65,100.0,504.21,19.12,0.0,14
p0_d500,0,500,20,23,2026-06-07T19:20:16.448170,5,3,1200.0,0,0,0,958.58,756.3,1114.27,117.1,493.96,426.46,536.96,24.79,100.0,513.89,13.82,0.0,14
p0_d500,0,500,20,24,2026-06-07T19:22:17.911849,5,3,1200.0,0,0,0,957.42,755.98,1119.19,112.68,510.93,488.73,546.04,19.85,100.0,508.04,13.7,0.0,14
p0_d500,0,500,20,25,2026-06-07T19:24:19.329013,5,4,1200.0,0,0,0,955.86,751.56,1095.14,117.06,499.79,468.71,525.22,20.92,100.0,502.44,19.57,0.0,14
p0_d500,0,500,20,26,2026-06-07T19:26:20.811929,5,3,1200.0,0,0,0,956.19,751.44,1097.31,113.1,505.23,483.9,535.05,14.68,100.0,506.28,16.7,0.0,14
p0_d500,0,500,20,27,2026-06-07T19:28:22.405599,5,3,1200.0,0,0,0,947.45,755.53,1110.5,112.86,495.27,456.93,524.63,18.08,100.0,505.71,18.44,0.0,14
p0_d500,0,500,20,28,2026-06-07T19:30:24.378709,5,3,1200.0,0,0,0,957.71,752.75,1118.0,119.28,499.92,469.21,550.32,21.76,100.0,503.86,15.43,0.0,14
p0_d500,0,500,20,29,2026-06-07T19:32:25.820288,5,6,1200.0,0,0,0,951.63,740.38,1123.65,121.73,507.75,480.93,528.61,14.68,100.0,508.14,17.72,0.0,14
p0_d500,0,500,20,30,2026-06-07T19:34:27.653902,5,3,1200.0,0,0,0,950.06,763.26,1107.38,107.4,503.85,475.12,536.57,15.82,100.0,507.39,16.0,0.0,14
p1_d0,1,0,0,1,2026-06-07T19:36:29.503708,10,0,8000.0,2,2,0,83198.75,54142.57,87309.9,6789.13,6.34,6.21,6.38,0.05,100.0,6.18,0.11,1.67,24
p1_d0,1,0,0,2,2026-06-07T19:38:14.531158,10,0,8000.0,2,2,0,83155.09,53855.58,87353.37,6849.8,6.33,6.25,6.38,0.04,100.0,6.18,0.11,0.83,24
p1_d0,1,0,0,3,2026-06-07T19:39:59.558704,10,0,8000.0,2,2,0,83094.31,54041.25,87532.06,6813.91,6.34,6.25,6.38,0.04,100.0,6.2,0.1,0.83,24
p1_d0,1,0,0,4,2026-06-07T19:41:44.585585,10,0,8000.0,2,2,0,83183.9,54201.41,87436.09,6747.32,6.35,6.22,6.46,0.05,100.0,6.19,0.11,0.42,24
p1_d0,1,0,0,5,2026-06-07T19:43:29.612940,10,0,8000.0,2,2,0,83181.74,54141.5,87647.45,6802.11,6.35,6.27,6.37,0.03,100.0,6.19,0.11,0.0,24
p1_d0,1,0,0,6,2026-06-07T19:45:14.640130,10,0,8000.0,2,2,0,83166.58,54504.01,87003.17,6665.29,6.31,6.1,6.37,0.07,100.0,6.19,0.09,1.67,24
p1_d0,1,0,0,7,2026-06-07T19:46:59.667243,10,0,8000.0,2,2,0,83240.51,54005.07,87401.91,6807.84,6.34,6.23,6.36,0.04,100.0,6.19,0.1,0.42,24
p1_d0,1,0,0,8,2026-06-07T19:48:44.694713,10,0,8000.0,2,2,0,83220.88,54097.73,87146.76,6775.77,6.31,6.09,6.37,0.07,100.0,6.19,0.1,0.83,24
p1_d0,1,0,0,9,2026-06-07T19:50:29.721898,10,0,8000.0,2,2,0,83175.12,54097.73,87404.93,6789.94,6.31,6.12,6.38,0.07,100.0,6.17,0.11,3.33,24
p1_d0,1,0,0,10,2026-06-07T19:52:14.748912,10,0,8000.0,2,2,0,83167.11,54161.82,87270.17,6779.58,6.33,6.22,6.39,0.05,100.0,6.19,0.11,1.25,24
p1_d0,1,0,0,11,2026-06-07T19:53:59.776172,10,0,8000.0,2,2,0,83130.03,54088.13,87489.76,6769.48,6.34,6.23,6.37,0.04,100.0,6.19,0.1,0.42,24
p1_d0,1,0,0,12,2026-06-07T19:55:44.803620,10,0,8000.0,2,2,0,81215.97,29418.82,87349.02,12743.43,6.31,6.18,6.38,0.07,100.0,6.18,0.11,2.5,24
p1_d0,1,0,0,13,2026-06-07T19:57:29.830469,10,0,8000.0,2,2,0,83185.12,54026.34,87487.74,6777.72,6.34,6.23,6.37,0.04,100.0,6.19,0.1,0.83,24
p1_d0,1,0,0,14,2026-06-07T19:59:14.857598,10,0,8000.0,2,2,0,80181.67,13177.25,87525.68,15797.89,48.97,6.15,1029.4,208.83,100.0,6.19,0.1,1.25,24
p1_d0,1,0,0,15,2026-06-07T20:01:00.413391,10,0,8000.0,2,2,0,83183.49,54027.41,87378.47,6801.49,6.34,6.22,6.37,0.04,100.0,6.19,0.1,0.0,24
p1_d0,1,0,0,16,2026-06-07T20:02:45.440541,10,0,8000.0,2,2,0,80231.19,16800.91,87582.15,15097.3,49.46,6.09,1041.33,211.27,100.0,6.19,0.1,1.25,24
p1_d0,1,0,0,17,2026-06-07T20:04:31.067150,10,0,8000.0,2,2,0,83181.24,53960.46,87388.18,6813.19,6.35,6.28,6.46,0.04,100.0,6.19,0.11,0.42,24
p1_d0,1,0,0,18,2026-06-07T20:06:16.094557,10,0,8000.0,2,2,0,79628.89,38258.55,87474.32,13315.68,6.33,6.22,6.39,0.04,100.0,6.19,0.1,0.42,24
p1_d0,1,0,0,19,2026-06-07T20:08:01.121859,10,0,8000.0,2,2,0,81364.8,40179.62,87417.66,11068.87,6.33,6.1,6.39,0.07,100.0,6.18,0.11,1.67,24
p1_d0,1,0,0,20,2026-06-07T20:09:46.149013,10,0,8000.0,2,2,0,83070.82,54013.58,87376.46,6809.08,6.33,6.2,6.49,0.06,100.0,6.19,0.1,1.67,24
p1_d0,1,0,0,21,2026-06-07T20:11:31.176286,10,0,8000.0,2,2,0,83193.11,53998.7,87365.75,6832.13,6.33,6.2,6.4,0.05,100.0,6.19,0.1,0.83,24
p1_d0,1,0,0,22,2026-06-07T20:13:16.203565,10,0,8000.0,2,2,0,83266.9,54582.09,87640.79,6707.71,6.34,6.19,6.38,0.04,100.0,6.19,0.11,0.0,24
p1_d0,1,0,0,23,2026-06-07T20:15:01.230565,10,0,8000.0,2,2,0,77092.78,2535.53,87349.02,21579.77,49.31,6.09,1037.85,210.56,100.0,6.19,0.11,1.25,24
p1_d0,1,0,0,24,2026-06-07T20:16:46.851328,10,0,8000.0,2,2,0,83173.12,54082.8,87362.74,6791.74,6.33,6.21,6.39,0.05,100.0,6.18,0.11,1.25,24
p1_d0,1,0,0,25,2026-06-07T20:18:31.878681,10,0,8000.0,2,2,0,81480.03,46253.38,87401.24,10075.69,6.34,6.19,6.37,0.04,100.0,6.18,0.1,0.42,24
p1_d0,1,0,0,26,2026-06-07T20:20:16.905891,10,0,8000.0,2,2,0,83245.82,54257.15,87599.98,6774.87,6.34,6.17,6.39,0.05,100.0,6.19,0.11,0.83,24
p1_d0,1,0,0,27,2026-06-07T20:22:01.933137,10,0,8000.0,2,2,0,83121.45,54108.4,87274.09,6778.07,6.33,6.26,6.38,0.04,100.0,6.19,0.11,2.92,24
p1_d0,1,0,0,28,2026-06-07T20:23:46.960320,10,0,8000.0,2,2,0,83134.58,54052.96,87478.34,6782.0,6.32,6.1,6.44,0.08,100.0,6.19,0.1,1.67,24
p1_d0,1,0,0,29,2026-06-07T20:25:31.987687,10,0,8000.0,2,2,0,83209.59,53904.26,87466.94,6859.3,6.34,6.23,6.38,0.04,100.0,6.19,0.11,0.0,24
p1_d0,1,0,0,30,2026-06-07T20:27:17.227530,10,0,8000.0,2,2,0,79667.85,44353.58,87383.16,12619.27,6.34,6.21,6.37,0.04,100.0,6.19,0.1,1.67,24
p1_d50,1,50,5,1,2026-06-07T20:29:02.254714,10,0,8000.0,2,2,0,30926.23,8214.71,39318.67,7161.36,57.75,51.34,65.93,4.1,100.0,56.28,4.38,1.67,24
p1_d50,1,50,5,2,2026-06-07T20:30:52.651599,10,0,8000.0,2,2,0,30566.6,8824.23,39522.84,7354.74,56.28,49.28,68.43,4.34,100.0,56.62,4.39,0.42,24
p1_d50,1,50,5,3,2026-06-07T20:32:42.953060,10,0,8000.0,2,2,0,30321.8,8320.46,39969.11,7718.31,56.71,49.32,69.3,5.77,100.0,56.65,4.24,1.25,24
p1_d50,1,50,5,4,2026-06-07T20:34:33.386738,10,0,8000.0,2,2,0,31196.55,7955.43,39815.18,7124.97,55.43,44.21,69.59,6.06,100.0,56.64,4.88,0.83,24
p1_d50,1,50,5,5,2026-06-07T20:36:23.582251,10,0,8000.0,2,2,0,30743.49,8486.39,39142.56,7554.74,56.02,45.69,65.35,4.86,100.0,56.26,4.67,1.25,24
p1_d50,1,50,5,6,2026-06-07T20:38:13.938226,10,0,8000.0,2,2,0,29282.21,8133.37,40243.25,8268.37,98.66,45.8,1096.21,212.52,100.0,55.82,4.77,1.25,24
p1_d50,1,50,5,7,2026-06-07T20:40:05.320957,10,0,8000.0,2,2,0,29691.43,8697.22,40865.55,8529.21,99.11,45.05,1092.84,211.74,100.0,56.56,4.67,0.42,24
p1_d50,1,50,5,8,2026-06-07T20:41:56.516245,10,0,8000.0,2,2,0,29590.45,7962.4,38718.98,6980.82,55.83,46.54,65.43,4.9,100.0,57.08,4.98,0.83,24
p1_d50,1,50,5,9,2026-06-07T20:43:47.195280,10,0,8000.0,2,2,0,31294.93,8364.88,39709.67,7265.89,55.59,45.5,64.21,5.13,100.0,56.82,4.6,0.0,24
p1_d50,1,50,5,10,2026-06-07T20:45:37.314170,10,0,8000.0,2,2,0,29147.73,8583.93,39552.1,8713.86,97.61,45.27,1065.86,206.3,100.0,55.9,4.81,1.25,24
p1_d50,1,50,5,11,2026-06-07T20:47:28.818611,10,0,8000.0,2,2,0,30730.42,8470.94,39316.66,7369.57,55.45,45.21,66.21,6.3,100.0,56.3,4.96,0.42,24
p1_d50,1,50,5,12,2026-06-07T20:49:19.048391,10,0,8000.0,2,2,0,29622.25,8467.35,41043.67,7777.31,56.59,46.43,64.62,4.93,100.0,56.22,4.55,0.83,24
p1_d50,1,50,5,13,2026-06-07T20:51:10.107678,10,0,8000.0,2,2,0,30892.96,8467.87,38833.15,7733.06,55.05,45.65,64.68,4.86,100.0,56.41,4.17,1.67,24
p1_d50,1,50,5,14,2026-06-07T20:53:00.378976,10,0,8000.0,2,2,0,30833.42,8570.58,39321.07,7256.15,57.02,48.2,65.5,4.7,100.0,56.06,5.03,0.42,24
p1_d50,1,50,5,15,2026-06-07T20:54:50.595075,10,0,8000.0,2,2,0,29577.37,8561.13,39291.06,7791.63,56.22,42.49,69.22,5.66,100.0,56.53,4.43,0.83,24
p1_d50,1,50,5,16,2026-06-07T20:56:41.218145,10,0,8000.0,2,2,0,30715.04,8357.41,37938.82,7009.9,54.44,41.01,62.07,4.3,100.0,56.57,4.59,0.0,24
p1_d50,1,50,5,17,2026-06-07T20:58:31.348325,10,0,8000.0,2,2,0,30819.29,8686.18,38705.36,7307.8,54.88,43.45,65.11,6.19,100.0,56.39,4.96,1.67,24
p1_d50,1,50,5,18,2026-06-07T21:00:21.663075,10,0,8000.0,2,2,0,29732.34,8039.14,38323.8,7445.71,57.51,50.64,66.73,4.21,100.0,56.26,4.58,1.25,24
p1_d50,1,50,5,19,2026-06-07T21:02:12.507397,10,0,8000.0,2,2,0,30922.31,8246.77,39514.42,7008.36,56.01,46.19,65.98,5.61,100.0,56.12,5.03,0.83,24
p1_d50,1,50,5,20,2026-06-07T21:04:02.828368,10,0,8000.0,2,2,0,29522.48,8854.94,39072.22,7807.0,57.41,49.12,67.53,4.8,100.0,56.28,4.8,0.83,24
p1_d50,1,50,5,21,2026-06-07T21:05:53.556807,10,0,8000.0,2,2,0,31025.12,8565.65,38454.79,6928.34,56.29,48.28,67.37,4.6,100.0,57.0,4.36,1.25,24
p1_d50,1,50,5,22,2026-06-07T21:07:43.822603,10,0,8000.0,2,2,0,29168.16,8812.41,38755.91,8734.25,99.29,48.2,1058.48,204.35,100.0,56.96,4.85,0.42,24
p1_d50,1,50,5,23,2026-06-07T21:09:35.228642,10,0,8000.0,2,2,0,29194.51,8184.01,38362.84,7802.1,97.43,45.73,1068.9,206.97,100.0,56.49,4.66,0.83,24
p1_d50,1,50,5,24,2026-06-07T21:11:26.627500,10,0,8000.0,2,2,0,28385.46,8531.07,38233.82,9158.62,141.93,47.66,1113.09,292.57,100.0,56.27,4.74,0.42,24
p1_d50,1,50,5,25,2026-06-07T21:13:19.039907,10,0,8000.0,2,2,0,29400.04,8586.5,39145.19,7997.63,99.48,51.59,1095.08,212.08,100.0,56.0,4.68,0.42,24
p1_d50,1,50,5,26,2026-06-07T21:15:10.287805,10,0,8000.0,2,2,0,31111.48,8868.56,40016.52,7013.66,55.34,49.08,60.61,3.47,100.0,56.01,4.64,2.08,24
p1_d50,1,50,5,27,2026-06-07T21:17:00.610367,10,0,8000.0,2,2,0,30971.55,8046.67,38984.14,7234.99,58.21,51.36,64.84,3.41,100.0,56.53,4.32,0.42,24
p1_d50,1,50,5,28,2026-06-07T21:18:50.812707,10,0,8000.0,2,2,0,30456.2,8682.11,38647.69,6995.03,57.16,45.9,69.76,5.36,100.0,56.36,4.73,1.67,24
p1_d50,1,50,5,29,2026-06-07T21:20:41.268541,10,0,8000.0,2,2,0,29964.57,8673.9,39156.62,7623.17,56.72,49.63,61.85,3.81,100.0,56.61,4.49,0.42,24
p1_d50,1,50,5,30,2026-06-07T21:22:32.946587,10,0,8000.0,2,2,0,31320.45,8328.94,40712.14,7296.99,55.39,43.43,66.7,5.64,100.0,55.82,4.62,0.83,24
p1_d200,1,200,10,1,2026-06-07T21:24:23.339859,5,0,7529.41,4,3,1,8268.53,2272.27,12312.42,2979.25,211.96,193.81,229.7,10.28,100.0,205.69,8.33,0.0,22
p1_d200,1,200,10,2,2026-06-07T21:26:23.766383,5,0,7529.41,4,3,1,8057.18,2254.03,12365.16,2930.91,207.16,166.28,227.08,12.79,100.0,206.85,7.5,0.91,22
p1_d200,1,200,10,3,2026-06-07T21:28:25.533213,5,0,7294.12,6,4,2,7849.09,2274.87,12259.7,2917.15,205.29,188.71,223.4,8.83,100.0,207.78,8.18,0.0,22
p1_d200,1,200,10,4,2026-06-07T21:30:27.051636,5,0,7529.41,4,3,1,8161.16,2291.97,12268.38,2940.82,207.69,184.18,227.7,11.27,100.0,206.05,9.2,0.0,22
p1_d200,1,200,10,5,2026-06-07T21:32:28.029667,5,0,7529.41,4,3,1,8186.83,2249.1,12335.06,3006.46,208.54,190.64,223.5,9.36,100.0,206.13,9.1,0.0,22
p1_d200,1,200,10,6,2026-06-07T21:34:28.909544,5,0,7555.56,4,3,1,8305.29,2283.69,12482.82,2968.78,205.04,181.12,226.84,12.22,100.0,205.54,7.22,0.87,23
p1_d200,1,200,10,7,2026-06-07T21:36:32.640726,5,0,7529.41,4,3,1,8178.72,2303.7,12240.96,2953.83,207.28,188.31,233.78,9.82,100.0,205.73,7.2,0.91,22
p1_d200,1,200,10,8,2026-06-07T21:38:33.675786,5,0,7555.56,4,3,1,8405.88,2308.3,12509.56,2932.72,202.08,184.32,225.22,10.25,100.0,206.45,8.41,0.87,23
p1_d200,1,200,10,9,2026-06-07T21:40:36.835689,5,0,7555.56,4,3,1,8381.01,2291.15,12324.26,2959.36,204.29,176.22,223.01,10.5,100.0,205.19,7.88,0.87,23
p1_d200,1,200,10,10,2026-06-07T21:42:40.013849,5,0,6823.53,2,2,0,7555.85,2270.38,12217.43,3079.86,205.93,188.33,230.12,10.46,100.0,206.92,10.12,0.0,22
p1_d200,1,200,10,11,2026-06-07T21:44:40.774353,5,0,7294.12,6,4,2,7975.32,2256.23,12315.89,2952.36,207.2,188.35,220.19,8.92,100.0,205.18,8.61,0.91,22
p1_d200,1,200,10,12,2026-06-07T21:46:41.731885,5,0,7529.41,4,3,1,8134.53,2294.38,12346.42,3045.1,253.35,177.23,1246.2,222.11,100.0,207.46,7.72,0.91,22
p1_d200,1,200,10,13,2026-06-07T21:48:43.271262,5,0,7529.41,4,3,1,8274.75,2224.99,12474.4,2974.09,206.78,186.77,221.25,9.15,100.0,206.97,7.78,0.91,22
p1_d200,1,200,10,14,2026-06-07T21:50:43.915706,5,0,7555.56,4,3,1,8365.92,2248.03,12409.74,2923.01,205.01,190.17,222.75,8.3,100.0,207.29,8.25,0.0,23
p1_d200,1,200,10,15,2026-06-07T21:52:47.002581,5,0,7555.56,4,3,1,8343.34,2305.86,12172.99,2872.01,205.68,181.94,234.33,11.92,100.0,206.2,9.84,0.87,23
p1_d200,1,200,10,16,2026-06-07T21:54:50.199312,5,1,7529.41,4,3,1,8075.31,2229.57,12343.53,3078.64,203.54,187.22,222.16,9.87,100.0,207.43,7.33,2.73,22
p1_d200,1,200,10,17,2026-06-07T21:56:53.131327,5,0,7529.41,4,3,1,8289.04,2262.25,12145.29,2959.35,207.02,193.66,227.52,8.51,100.0,205.58,7.9,0.91,22
p1_d200,1,200,10,18,2026-06-07T21:58:53.641129,5,0,6823.53,2,2,0,7624.86,2306.64,12612.35,3034.76,205.57,186.45,229.05,8.99,100.0,205.79,8.65,0.91,22
p1_d200,1,200,10,19,2026-06-07T22:00:54.076450,5,0,7555.56,4,3,1,8374.73,2262.66,12373.62,2955.9,208.25,191.29,222.64,8.56,100.0,207.37,9.02,0.0,23
p1_d200,1,200,10,20,2026-06-07T22:02:57.190449,5,0,7529.41,4,3,1,8086.81,2287.91,12271.14,2889.93,254.48,186.02,1272.89,227.69,100.0,206.7,8.14,0.91,22
p1_d200,1,200,10,21,2026-06-07T22:04:58.878681,5,0,7529.41,4,3,1,7996.14,2285.06,12349.26,2860.98,204.31,184.99,219.05,7.87,100.0,207.12,7.83,0.0,22
p1_d200,1,200,10,22,2026-06-07T22:07:00.713814,5,0,7529.41,4,3,1,8126.95,2353.82,12055.31,2897.81,213.82,190.13,241.68,12.25,100.0,207.15,9.33,1.82,22
p1_d200,1,200,10,23,2026-06-07T22:09:02.261070,5,0,7529.41,4,3,1,7935.8,2254.55,12138.73,3139.93,252.31,191.23,1233.76,219.37,100.0,206.25,8.39,0.91,22
p1_d200,1,200,10,24,2026-06-07T22:11:05.421031,5,0,6823.53,2,2,0,7508.55,2245.73,12416.73,2969.64,209.45,190.91,227.75,10.73,100.0,205.02,8.55,0.0,22
p1_d200,1,200,10,25,2026-06-07T22:13:06.206286,5,0,7555.56,4,3,1,8373.15,2246.92,12233.65,2928.93,208.77,195.41,238.39,11.56,100.0,206.28,7.26,0.87,23
p1_d200,1,200,10,26,2026-06-07T22:15:09.395320,5,0,7555.56,4,3,1,8417.03,2218.46,12594.87,2995.66,202.72,182.4,220.28,9.57,100.0,208.32,9.77,0.87,23
p1_d200,1,200,10,27,2026-06-07T22:17:12.565854,5,1,7529.41,4,3,1,8061.4,2212.89,11880.56,2872.21,205.76,186.67,235.36,10.92,100.0,206.49,7.84,0.0,22
p1_d200,1,200,10,28,2026-06-07T22:19:14.222845,5,0,6588.24,2,2,0,7211.65,2282.52,11753.19,2901.44,206.48,193.35,219.65,7.18,100.0,207.25,8.95,1.82,22
p1_d200,1,200,10,29,2026-06-07T22:21:15.730463,5,0,7529.41,4,3,1,7856.33,2255.39,11757.27,2650.0,257.56,185.92,1274.41,227.3,100.0,205.54,7.49,0.0,22
p1_d200,1,200,10,30,2026-06-07T22:23:18.137781,5,0,7529.41,4,3,1,8044.33,2205.46,12231.32,2974.22,253.91,188.42,1190.64,209.45,100.0,206.14,8.75,0.0,22
p1_d500,1,500,20,1,2026-06-07T22:25:19.982835,5,3,1200.0,0,0,0,955.75,754.94,1105.15,117.37,506.47,470.94,538.0,22.65,100.0,504.31,15.46,0.0,14
p1_d500,1,500,20,2,2026-06-07T22:27:21.456803,5,2,1200.0,0,0,0,957.18,750.49,1127.03,121.23,505.89,461.47,538.05,20.34,100.0,503.11,15.2,1.43,14
p1_d500,1,500,20,3,2026-06-07T22:29:23.498738,5,4,1200.0,0,0,0,959.31,755.69,1127.5,119.33,498.5,462.79,524.24,20.17,100.0,506.81,17.77,1.43,14
p1_d500,1,500,20,4,2026-06-07T22:31:25.327289,5,3,1200.0,0,0,0,954.63,742.97,1113.87,119.58,507.16,486.14,521.13,9.39,100.0,503.75,16.29,1.43,14
p1_d500,1,500,20,5,2026-06-07T22:33:27.552325,5,5,1200.0,0,0,0,952.28,760.05,1096.83,113.17,511.89,477.73,559.71,21.1,100.0,504.57,18.09,2.86,14
p1_d500,1,500,20,6,2026-06-07T22:35:30.260850,5,3,1200.0,0,0,0,958.58,745.47,1117.26,121.01,503.06,453.75,545.3,24.6,100.0,505.59,15.43,0.0,14
p1_d500,1,500,20,7,2026-06-07T22:37:31.860846,5,7,1200.0,0,0,0,882.2,652.47,1087.38,140.73,594.93,487.18,1534.61,282.84,100.0,508.09,18.83,1.54,13
p1_d500,1,500,20,8,2026-06-07T22:39:33.612635,5,7,1200.0,0,0,0,923.89,741.49,1128.78,129.24,585.74,496.09,1523.54,270.17,100.0,506.65,15.76,0.0,14
p1_d500,1,500,20,9,2026-06-07T22:41:36.798914,5,4,1200.0,0,0,0,955.52,769.05,1112.48,114.67,507.96,459.23,543.45,27.46,100.0,507.09,13.78,4.29,14
p1_d500,1,500,20,10,2026-06-07T22:43:39.386697,5,7,1200.0,0,0,0,920.6,741.93,1099.55,119.84,501.92,455.16,547.14,25.2,100.0,510.59,15.44,1.43,14
p1_d500,1,500,20,11,2026-06-07T22:45:43.332211,5,4,1200.0,0,0,0,952.87,744.82,1115.98,114.39,504.42,474.19,551.49,24.17,100.0,505.68,19.65,1.43,14
p1_d500,1,500,20,12,2026-06-07T22:47:45.630619,5,5,1200.0,0,0,0,927.72,616.34,1113.17,152.93,500.14,467.96,528.23,20.18,100.0,502.85,19.5,0.0,14
p1_d500,1,500,20,13,2026-06-07T22:49:49.119952,5,4,1200.0,0,0,0,939.27,575.06,1110.06,151.23,497.73,474.88,519.04,15.64,100.0,507.09,19.37,2.86,14
p1_d500,1,500,20,14,2026-06-07T22:51:52.975293,5,2,1200.0,0,0,0,957.76,779.92,1104.99,113.4,503.33,473.09,537.38,16.34,100.0,507.4,19.43,0.0,14
p1_d500,1,500,20,15,2026-06-07T22:53:54.539466,5,5,1200.0,0,0,0,931.74,758.48,1071.66,111.09,582.08,489.97,1464.62,254.46,100.0,506.82,16.97,0.0,14
p1_d500,1,500,20,16,2026-06-07T22:55:57.320943,5,1,1200.0,0,0,0,960.59,771.02,1115.84,118.06,506.05,475.21,541.65,21.11,100.0,507.0,17.1,0.0,14
p1_d500,1,500,20,17,2026-06-07T22:57:58.775013,5,6,1200.0,0,0,0,916.82,651.32,1108.6,150.77,650.36,471.65,1555.42,374.04,100.0,511.32,19.64,0.0,14
p1_d500,1,500,20,18,2026-06-07T23:00:02.610427,5,6,1200.0,0,0,0,952.52,738.03,1113.54,117.98,508.08,480.75,549.34,19.95,100.0,512.58,18.7,2.86,14
p1_d500,1,500,20,19,2026-06-07T23:02:05.361776,5,3,1200.0,0,0,0,958.16,757.55,1110.33,118.09,505.26,481.71,543.65,19.3,100.0,506.35,17.84,1.43,14
p1_d500,1,500,20,20,2026-06-07T23:04:07.297943,5,3,1200.0,0,0,0,955.01,764.65,1113.34,116.77,507.6,487.05,550.2,15.45,100.0,506.27,16.76,1.43,14
p1_d500,1,500,20,21,2026-06-07T23:06:09.364335,5,6,1200.0,0,0,0,953.29,738.03,1096.75,117.29,511.63,490.12,540.23,16.01,100.0,505.13,18.55,1.43,14
p1_d500,1,500,20,22,2026-06-07T23:08:11.569366,5,3,1200.0,0,0,0,959.28,763.36,1117.46,113.88,497.52,448.85,555.08,28.8,100.0,507.84,17.52,1.43,14
p1_d500,1,500,20,23,2026-06-07T23:10:13.387740,5,5,1200.0,0,0,0,950.5,749.77,1114.94,119.85,508.26,468.57,536.87,18.37,100.0,502.53,15.07,1.43,14
p1_d500,1,500,20,24,2026-06-07T23:12:15.733885,5,3,1200.0,0,0,0,956.04,748.7,1110.46,118.46,504.15,468.11,526.41,19.02,100.0,508.2,16.86,1.43,14
p1_d500,1,500,20,25,2026-06-07T23:14:17.826701,5,3,1200.0,0,0,0,956.97,764.28,1129.16,116.79,506.03,473.04,554.17,22.44,100.0,505.25,12.76,4.29,14
p1_d500,1,500,20,26,2026-06-07T23:16:20.392551,5,6,1200.0,0,0,0,933.23,705.11,1107.37,132.81,586.75,481.38,1542.28,275.39,100.0,505.85,18.14,1.43,14
p1_d500,1,500,20,27,2026-06-07T23:18:23.682681,5,3,1200.0,0,0,0,956.6,764.94,1102.68,114.71,502.09,480.86,531.61,15.28,100.0,503.06,14.38,1.43,14
p1_d500,1,500,20,28,2026-06-07T23:20:25.730902,5,2,1200.0,0,0,0,953.66,747.5,1112.45,113.63,505.48,483.52,534.22,16.66,100.0,510.35,14.55,0.0,14
p1_d500,1,500,20,29,2026-06-07T23:22:28.689522,5,5,1200.0,0,0,0,955.97,785.9,1085.38,102.68,497.24,426.46,555.46,32.83,100.0,511.0,15.33,0.0,14
p1_d500,1,500,20,30,2026-06-07T23:24:30.235110,5,6,1200.0,0,0,0,949.83,757.78,1093.09,111.52,509.34,459.59,541.58,21.79,100.0,505.26,19.29,0.0,14
p5_d0,5,0,0,1,2026-06-07T23:26:32.046166,10,0,8000.0,2,2,0,80911.57,29006.98,87328.95,12963.41,6.31,6.14,6.38,0.07,100.0,6.18,0.11,5.83,24
p5_d0,5,0,0,2,2026-06-07T23:28:17.073727,10,0,8000.0,2,2,0,75261.87,13969.98,87449.17,21896.3,91.82,6.18,1048.68,289.75,100.0,6.18,0.11,4.17,24
p5_d0,5,0,0,3,2026-06-07T23:30:03.847627,10,0,8000.0,2,2,0,70181.63,11630.88,87527.02,27096.01,136.42,6.15,1058.06,351.67,100.0,6.18,0.11,3.33,24
p5_d0,5,0,0,4,2026-06-07T23:31:50.503839,10,0,8000.0,2,2,0,78155.69,16510.61,87449.5,17783.53,50.42,6.12,1065.68,216.25,100.0,6.18,0.11,4.58,24
p5_d0,5,0,0,5,2026-06-07T23:33:36.153541,10,0,8000.0,2,2,0,75979.92,2508.46,87236.62,23354.8,93.61,6.1,1058.58,295.75,100.0,6.18,0.11,3.33,24
p5_d0,5,0,0,6,2026-06-07T23:35:22.371710,10,0,8000.0,2,2,0,80152.31,11487.42,87388.85,16084.63,48.95,6.1,1030.25,209.02,100.0,6.18,0.11,5.42,24
p5_d0,5,0,0,7,2026-06-07T23:37:08.523388,10,0,8000.0,2,2,0,80185.79,16630.69,87603.01,15081.9,49.95,6.1,1054.44,213.96,100.0,6.18,0.11,6.67,24
p5_d0,5,0,0,8,2026-06-07T23:38:54.363539,10,0,8000.0,2,2,0,78251.68,8481.68,87426.7,18788.89,49.43,6.1,1041.57,211.33,100.0,6.18,0.11,7.08,24
p5_d0,5,0,0,9,2026-06-07T23:40:40.063148,10,0,8000.0,2,2,0,78368.46,16908.66,87616.14,16954.85,49.07,6.1,1033.2,209.62,100.0,6.18,0.11,7.08,24
p5_d0,5,0,0,10,2026-06-07T23:42:25.883407,10,0,8000.0,2,2,0,80213.78,16094.66,87299.54,15145.92,50.1,6.1,1057.22,214.52,100.0,6.18,0.11,5.42,24
p5_d0,5,0,0,11,2026-06-07T23:44:11.518233,10,0,8000.0,2,2,0,77761.14,9102.93,87499.15,19493.55,91.26,6.11,2045.81,416.32,100.0,6.18,0.11,7.08,24
p5_d0,5,0,0,12,2026-06-07T23:45:58.144838,10,0,8000.0,2,2,0,69151.13,2513.2,87501.84,29701.31,229.9,6.11,2077.6,534.57,100.0,6.18,0.11,8.26,23
p5_d0,5,0,0,13,2026-06-07T23:47:45.017593,10,0,8000.0,2,2,0,80944.85,33700.51,87219.89,12154.43,6.29,6.09,6.39,0.08,100.0,6.18,0.11,5.0,24
p5_d0,5,0,0,14,2026-06-07T23:49:30.044807,10,0,8000.0,2,2,0,67923.14,6669.82,87522.66,30021.59,275.64,6.1,2087.14,639.76,100.0,6.18,0.11,6.96,23
p5_d0,5,0,0,15,2026-06-07T23:51:17.389388,10,0,8000.0,2,2,0,83059.43,54838.5,87228.42,6618.26,6.31,6.11,6.38,0.07,100.0,6.18,0.1,5.42,24
p5_d0,5,0,0,16,2026-06-07T23:53:02.416717,10,0,8000.0,2,2,0,74713.8,17040.26,87522.33,19630.45,48.05,6.16,1008.72,204.62,100.0,6.18,0.11,4.17,24
p5_d0,5,0,0,17,2026-06-07T23:54:48.007837,10,0,8000.0,2,2,0,83177.96,57190.12,87541.47,6187.22,6.32,6.24,6.4,0.05,100.0,6.18,0.11,6.67,24
p5_d0,5,0,0,18,2026-06-07T23:56:33.035040,10,0,8000.0,2,2,0,83178.58,53765.86,87439.1,6824.39,6.29,6.12,6.4,0.08,100.0,6.18,0.11,3.33,24
p5_d0,5,0,0,19,2026-06-07T23:58:18.062733,10,0,8000.0,2,2,0,76395.31,5835.53,87148.42,22047.04,50.36,6.17,1063.86,215.87,100.0,6.17,0.11,6.67,24
p5_d0,5,0,0,20,2026-06-08T00:00:03.677719,10,0,8000.0,2,2,0,79546.25,39866.97,87459.9,13586.17,6.26,6.1,6.37,0.08,100.0,6.18,0.11,5.0,24
p5_d0,5,0,0,21,2026-06-08T00:01:48.705196,10,0,8000.0,2,2,0,80224.93,13923.26,87467.61,15691.26,49.95,6.09,1054.28,213.92,100.0,6.17,0.11,5.42,24
p5_d0,5,0,0,22,2026-06-08T00:03:34.503221,10,0,8000.0,2,2,0,77927.87,10424.63,87412.63,18086.45,6.29,6.1,6.39,0.1,100.0,6.18,0.1,6.25,24
p5_d0,5,0,0,23,2026-06-08T00:05:19.530578,10,0,8000.0,2,2,0,81081.83,10617.04,87401.24,15296.72,6.29,6.1,6.37,0.07,100.0,6.17,0.11,5.42,24
p5_d0,5,0,0,24,2026-06-08T00:07:04.558070,10,0,8000.0,2,2,0,80033.34,11915.92,87531.73,16010.06,50.08,6.1,1057.74,214.63,100.0,6.18,0.11,6.67,24
p5_d0,5,0,0,25,2026-06-08T00:08:50.340466,10,0,8000.0,2,2,0,80188.04,16308.69,87809.68,15204.83,49.4,6.11,1040.58,211.12,100.0,6.19,0.1,3.33,24
p5_d0,5,0,0,26,2026-06-08T00:10:36.158089,10,0,8000.0,2,2,0,76669.79,16773.21,87382.82,18817.99,49.49,6.16,1042.72,211.56,100.0,6.18,0.11,6.67,24
p5_d0,5,0,0,27,2026-06-08T00:12:21.787952,10,0,8000.0,2,2,0,78090.79,15680.98,87507.74,18494.41,48.67,6.1,1023.02,207.54,100.0,6.19,0.11,3.33,24
p5_d0,5,0,0,28,2026-06-08T00:14:07.570986,10,0,8000.0,2,2,0,78509.75,12947.76,87399.75,17867.67,49.75,6.1,1049.35,212.91,100.0,6.18,0.11,5.42,24
p5_d0,5,0,0,29,2026-06-08T00:15:53.342896,10,0,8000.0,2,2,0,79447.51,38346.34,87347.68,13447.65,6.31,6.19,6.39,0.06,100.0,6.18,0.11,4.17,24
p5_d0,5,0,0,30,2026-06-08T00:17:38.370193,10,0,8000.0,2,2,0,68674.62,7965.46,87485.06,28070.79,135.28,6.1,1048.56,348.6,100.0,6.19,0.11,6.25,24
p5_d50,5,50,5,1,2026-06-08T00:19:25.300370,10,0,8000.0,2,2,0,29250.41,8319.65,38184.14,8004.01,99.43,46.34,1087.3,210.47,100.0,56.49,4.41,4.58,24
p5_d50,5,50,5,2,2026-06-08T00:21:17.166289,10,0,8000.0,2,2,0,30879.73,8427.22,39101.3,6974.26,56.66,47.81,64.94,4.8,100.0,56.39,4.72,4.17,24
p5_d50,5,50,5,3,2026-06-08T00:23:07.795093,10,0,8000.0,2,2,0,29877.06,8357.99,37833.34,6958.95,56.74,49.71,65.15,3.59,100.0,56.11,4.68,3.33,24
p5_d50,5,50,5,4,2026-06-08T00:24:58.860737,10,0,8000.0,2,2,0,29890.53,6578.95,39358.46,9069.93,98.32,46.63,1107.06,214.91,100.0,56.46,4.4,4.17,24
p5_d50,5,50,5,5,2026-06-08T00:26:50.589282,10,0,8000.0,2,2,0,29102.21,8366.13,38996.28,7863.69,99.59,46.9,1094.15,211.9,100.0,56.4,4.3,2.5,24
p5_d50,5,50,5,6,2026-06-08T00:28:42.094213,10,0,8000.0,2,2,0,28672.89,8236.32,38378.71,8539.54,98.36,47.01,1081.18,209.41,100.0,56.75,5.06,2.5,24
p5_d50,5,50,5,7,2026-06-08T00:30:34.055689,10,0,8000.0,2,2,0,29062.61,7905.78,39963.72,8614.98,144.6,47.4,2136.19,424.23,100.0,56.49,4.9,3.75,24
p5_d50,5,50,5,8,2026-06-08T00:32:26.494860,10,0,8000.0,2,2,0,26942.78,6543.51,38899.02,9667.89,147.19,49.76,1104.22,297.25,100.0,56.71,4.57,5.22,23
p5_d50,5,50,5,9,2026-06-08T00:34:17.729394,10,0,8000.0,2,2,0,30584.9,8253.42,39559.17,7634.05,57.33,49.6,67.53,4.51,100.0,56.16,5.08,5.42,24
p5_d50,5,50,5,10,2026-06-08T00:36:08.497346,10,0,8000.0,2,2,0,27852.32,8256.82,38224.58,8107.1,143.5,44.0,1095.49,292.8,100.0,56.21,4.53,4.58,24
p5_d50,5,50,5,11,2026-06-08T00:38:01.485568,10,0,8000.0,2,2,0,26711.45,8616.79,38105.82,9501.1,146.5,46.47,1105.72,295.77,100.0,56.76,4.36,4.35,23
p5_d50,5,50,5,12,2026-06-08T00:39:52.314279,10,0,8000.0,2,2,0,30740.91,8197.26,39589.25,7302.17,57.1,48.06,67.07,4.56,100.0,56.35,4.53,4.17,24
p5_d50,5,50,5,13,2026-06-08T00:41:42.840296,10,0,8000.0,2,2,0,30207.35,8428.28,38401.18,7390.55,57.12,48.95,66.27,4.11,100.0,56.63,4.58,5.0,24
p5_d50,5,50,5,14,2026-06-08T00:43:33.724916,10,0,8000.0,2,2,0,26755.83,8161.78,37473.13,8087.61,190.03,45.92,1089.33,350.58,100.0,56.58,4.6,4.78,23
p5_d50,5,50,5,15,2026-06-08T00:45:25.002236,10,0,8000.0,2,2,0,30488.83,8356.31,39018.28,7223.01,55.91,43.05,67.17,5.27,100.0,55.94,4.66,4.17,24
p5_d50,5,50,5,16,2026-06-08T00:47:15.711437,10,0,8000.0,2,2,0,30102.72,8220.5,39510.99,7398.73,55.46,46.26,64.22,4.6,100.0,56.46,4.5,6.67,24
p5_d50,5,50,5,17,2026-06-08T00:49:06.848064,10,0,8000.0,2,2,0,27961.36,6019.94,39165.75,9112.79,145.75,47.29,1119.36,298.4,100.0,56.11,4.44,4.35,23
p5_d50,5,50,5,18,2026-06-08T00:50:57.201417,10,0,8000.0,2,2,0,28000.97,7112.96,39331.1,9043.82,185.26,48.73,2085.19,457.25,100.0,56.55,4.7,6.67,24
p5_d50,5,50,5,19,2026-06-08T00:52:51.283873,10,0,8000.0,2,2,0,29148.68,8299.16,38123.36,7889.45,101.83,50.01,1104.44,213.62,100.0,56.28,4.02,7.5,24
p5_d50,5,50,5,20,2026-06-08T00:54:43.287339,10,0,8000.0,2,2,0,28880.16,3599.04,39419.89,10200.42,191.14,44.96,2135.09,475.67,100.0,55.88,4.57,6.52,23
p5_d50,5,50,5,21,2026-06-08T00:56:34.545422,10,0,8000.0,2,2,0,29103.77,8147.64,38482.44,7056.11,57.07,45.49,66.24,5.28,100.0,55.92,4.49,4.58,24
p5_d50,5,50,5,22,2026-06-08T00:58:25.859871,10,0,8000.0,2,2,0,31395.12,8617.23,39768.6,7540.47,55.1,49.28,64.39,4.46,100.0,56.12,4.57,6.25,24
p5_d50,5,50,5,23,2026-06-08T01:00:16.319770,10,0,8000.0,2,2,0,27089.57,8490.49,37549.68,7801.26,149.57,44.59,1119.63,303.88,100.0,56.03,4.66,5.22,23
p5_d50,5,50,5,24,2026-06-08T01:02:07.263466,10,0,8000.0,2,2,0,30526.61,8401.02,38267.74,7012.44,58.43,48.86,67.07,4.98,100.0,57.01,4.35,7.5,24
p5_d50,5,50,5,25,2026-06-08T01:03:57.927970,10,0,8000.0,2,2,0,29991.5,6618.22,39391.3,9040.27,98.28,40.05,1100.56,213.6,100.0,56.75,4.18,5.0,24
p5_d50,5,50,5,26,2026-06-08T01:05:49.458297,10,0,8000.0,2,2,0,29002.83,8698.3,38929.63,9506.9,141.49,43.36,1113.85,291.08,100.0,56.55,4.75,6.25,24
p5_d50,5,50,5,27,2026-06-08T01:07:42.032312,10,0,8000.0,2,2,0,29469.8,8365.36,39545.66,7097.26,55.93,48.04,69.47,5.51,100.0,56.3,4.56,5.42,24
p5_d50,5,50,5,28,2026-06-08T01:09:33.377463,10,0,8000.0,2,2,0,29675.55,6262.64,38343.5,8328.4,100.04,43.63,1075.88,207.92,100.0,56.79,4.55,3.75,24
p5_d50,5,50,5,29,2026-06-08T01:11:24.992532,10,0,8000.0,2,2,0,26709.4,8777.54,38668.94,9089.41,230.65,48.85,1077.94,391.29,100.0,56.07,4.46,9.57,23
p5_d50,5,50,5,30,2026-06-08T01:13:17.244637,10,0,8000.0,2,2,0,29405.94,8833.64,39231.86,8182.93,100.52,47.63,1116.09,216.39,100.0,56.11,4.61,6.25,24
p5_d200,5,200,10,1,2026-06-08T01:15:09.056898,5,0,7529.41,4,3,1,8324.7,2320.51,12234.71,2991.89,203.06,179.67,223.5,11.14,100.0,206.64,7.54,8.18,22
p5_d200,5,200,10,2,2026-06-08T01:17:11.038800,5,0,6500.0,4,3,1,6684.84,2206.31,11603.77,3063.78,307.93,189.15,1267.11,311.94,100.0,203.03,6.96,6.67,21
p5_d200,5,200,10,3,2026-06-08T01:19:13.031923,5,0,7500.0,4,3,1,7732.1,2265.12,11826.95,2773.54,309.75,183.64,1262.73,315.7,100.0,207.66,7.65,6.67,21
p5_d200,5,200,10,4,2026-06-08T01:21:15.127270,5,1,7529.41,4,3,1,8042.71,2344.54,12389.99,2874.44,206.15,189.92,225.52,9.46,100.0,205.92,9.3,5.45,22
p5_d200,5,200,10,5,2026-06-08T01:23:18.068878,5,0,7529.41,4,3,1,7954.69,2265.82,12390.02,3083.63,210.09,195.79,225.41,8.69,100.0,206.46,9.08,8.18,22
p5_d200,5,200,10,6,2026-06-08T01:25:22.448926,5,0,7529.41,4,3,1,8281.27,2293.42,12119.88,2953.24,208.76,182.22,231.67,11.24,100.0,207.28,8.0,1.82,22
p5_d200,5,200,10,7,2026-06-08T01:27:23.342643,5,1,6750.0,2,2,0,6985.77,2287.91,12363.18,2917.44,402.74,189.82,2255.88,524.9,100.0,206.24,7.62,3.81,21
p5_d200,5,200,10,8,2026-06-08T01:29:26.134859,5,0,7529.41,4,3,1,8275.31,2290.31,12374.53,2959.24,206.36,188.96,220.1,9.17,100.0,208.24,8.61,3.64,22
p5_d200,5,200,10,9,2026-06-08T01:31:27.129806,5,0,6750.0,6,4,2,6914.82,2177.25,12257.78,3452.74,256.91,184.1,1242.2,226.01,100.0,206.19,8.68,5.71,21
p5_d200,5,200,10,10,2026-06-08T01:33:28.265868,5,0,7294.12,4,3,1,7952.33,2236.17,12525.56,3027.65,252.7,192.8,1203.3,212.55,100.0,206.98,8.87,5.45,22
p5_d200,5,200,10,11,2026-06-08T01:35:30.540878,5,0,7529.41,4,3,1,7940.49,2253.05,12099.45,2896.08,301.89,190.53,1253.17,303.78,100.0,207.58,7.63,2.73,22
p5_d200,5,200,10,12,2026-06-08T01:37:34.185862,5,0,7500.0,4,3,1,8086.2,2285.75,12422.76,3306.83,306.59,190.54,1239.89,307.97,100.0,207.86,7.52,6.67,21
p5_d200,5,200,10,13,2026-06-08T01:39:35.071132,5,0,7529.41,4,3,1,8241.3,2317.9,12436.46,3147.47,252.28,186.68,1261.9,225.67,100.0,206.55,8.78,7.27,22
p5_d200,5,200,10,14,2026-06-08T01:41:37.555994,5,0,7294.12,6,4,2,7717.29,2318.43,12357.19,2707.24,250.56,189.35,1222.57,217.25,100.0,205.06,8.81,4.55,22
p5_d200,5,200,10,15,2026-06-08T01:43:40.337796,5,2,7466.67,4,3,1,7751.77,2256.17,12239.18,3126.42,306.2,191.24,2232.65,453.51,100.0,206.49,8.01,5.0,20
p5_d200,5,200,10,16,2026-06-08T01:45:41.120631,5,1,7500.0,4,3,1,7992.17,2254.06,12368.79,3007.37,208.38,182.06,226.7,9.69,100.0,208.12,6.72,2.86,21
p5_d200,5,200,10,17,2026-06-08T01:47:41.691415,5,0,7000.0,6,4,2,7513.72,2261.5,11788.5,2801.27,303.2,194.55,1250.22,313.94,100.0,206.21,8.96,5.71,21
p5_d200,5,200,10,18,2026-06-08T01:49:42.266852,5,1,6133.33,6,4,2,6015.5,2280.8,11575.38,2609.16,261.25,188.38,1248.49,232.61,100.0,205.76,7.91,3.0,20
p5_d200,5,200,10,19,2026-06-08T01:51:44.275646,5,0,6750.0,2,2,0,7456.2,2309.03,12310.15,3228.25,306.68,189.65,1274.15,315.92,100.0,205.57,9.57,5.71,21
p5_d200,5,200,10,20,2026-06-08T01:53:45.738465,5,0,7529.41,4,3,1,8147.17,2237.51,11838.93,2857.98,205.17,187.13,223.25,8.86,100.0,207.86,7.35,6.36,22
p5_d200,5,200,10,21,2026-06-08T01:55:48.214076,5,0,6588.24,2,2,0,7243.41,2239.27,11641.4,2911.32,252.8,188.98,1216.72,215.45,100.0,204.88,8.05,2.73,22
p5_d200,5,200,10,22,2026-06-08T01:57:50.002162,5,1,6000.0,4,3,1,6357.35,2283.2,11533.55,2775.39,306.82,166.45,1267.27,319.03,100.0,206.74,9.03,2.86,21
p5_d200,5,200,10,23,2026-06-08T01:59:52.705024,5,0,7529.41,4,3,1,8205.79,2235.2,12169.25,3055.45,207.28,181.68,234.64,12.71,100.0,206.51,8.21,3.64,22
p5_d200,5,200,10,24,2026-06-08T02:01:54.438861,5,1,6500.0,4,3,1,7105.48,2204.36,11685.96,2781.86,252.56,188.9,1237.6,225.89,100.0,204.01,7.67,9.52,21
p5_d200,5,200,10,25,2026-06-08T02:03:54.936573,5,0,7250.0,6,4,2,7748.3,2238.19,12473.6,2831.65,300.86,182.34,1245.37,310.6,100.0,206.23,8.15,6.67,21
p5_d200,5,200,10,26,2026-06-08T02:05:55.448657,5,0,6588.24,4,3,1,7089.85,2305.51,11773.16,3129.64,252.48,179.44,1233.23,219.31,100.0,205.34,8.99,4.55,22
p5_d200,5,200,10,27,2026-06-08T02:07:57.651352,5,0,7529.41,4,3,1,8260.97,2244.43,12620.41,3024.78,205.78,189.01,230.06,11.46,100.0,205.29,8.57,5.45,22
p5_d200,5,200,10,28,2026-06-08T02:09:59.526166,5,0,7529.41,4,3,1,8148.66,2245.34,12423.34,3039.85,252.36,192.03,1215.62,215.33,100.0,205.65,8.98,5.45,22
p5_d200,5,200,10,29,2026-06-08T02:12:01.583067,5,0,7529.41,4,3,1,8263.55,2298.42,12308.74,2996.91,204.9,186.49,227.76,10.02,100.0,205.88,9.25,6.36,22
p5_d200,5,200,10,30,2026-06-08T02:14:03.544742,5,0,7294.12,6,4,2,7883.15,2225.0,12347.66,2940.21,206.23,188.87,223.61,10.67,100.0,205.55,7.25,4.55,22
p5_d500,5,500,20,1,2026-06-08T02:16:05.616439,5,3,1200.0,0,0,0,908.22,704.86,1121.42,136.71,505.29,465.71,539.07,20.93,100.0,507.89,19.17,9.23,13
p5_d500,5,500,20,2,2026-06-08T02:18:07.527342,5,6,1200.0,0,0,0,924.93,531.03,1119.7,156.59,508.69,476.36,576.92,27.89,100.0,504.79,16.43,7.69,13
p5_d500,5,500,20,3,2026-06-08T02:20:09.299935,5,5,1200.0,0,0,0,927.96,642.01,1115.09,135.38,579.3,479.45,1541.33,277.44,100.0,503.28,17.36,1.43,14
p5_d500,5,500,20,4,2026-06-08T02:22:12.911853,5,6,1200.0,0,0,0,949.33,741.14,1115.55,119.89,508.55,484.79,555.11,19.22,100.0,506.26,16.72,4.29,14
p5_d500,5,500,20,5,2026-06-08T02:24:16.275391,5,2,1200.0,0,0,0,958.97,743.62,1113.5,118.66,501.66,471.51,535.9,23.2,100.0,505.29,19.92,2.86,14
p5_d500,5,500,20,6,2026-06-08T02:26:18.716989,5,5,1200.0,0,0,0,947.86,750.13,1109.62,123.99,509.89,471.57,546.04,22.07,100.0,501.08,17.45,7.14,14
p5_d500,5,500,20,7,2026-06-08T02:28:22.762417,5,6,1200.0,0,0,0,936.4,520.1,1118.85,157.16,513.1,471.36,539.78,18.26,100.0,504.93,16.2,5.71,14
p5_d500,5,500,20,8,2026-06-08T02:30:27.756622,5,7,1200.0,0,0,0,883.2,540.76,1119.34,179.06,830.01,485.47,2579.4,653.36,100.0,502.59,14.64,7.69,13
p5_d500,5,500,20,9,2026-06-08T02:32:31.983864,5,3,1200.0,0,0,0,953.46,753.02,1127.88,115.03,508.22,485.21,534.34,18.78,100.0,505.77,16.9,5.71,14
p5_d500,5,500,20,10,2026-06-08T02:34:35.734861,5,2,1200.0,0,0,0,930.91,499.42,1125.28,182.1,578.42,464.45,1534.14,287.76,100.0,504.12,17.18,10.77,13
p5_d500,5,500,20,11,2026-06-08T02:36:39.191697,5,6,1200.0,0,0,0,913.4,552.66,1093.28,153.81,579.17,467.56,1496.83,276.53,100.0,506.08,14.99,7.69,13
p5_d500,5,500,20,12,2026-06-08T02:38:41.565249,5,4,1200.0,0,0,0,935.14,752.18,1110.18,124.23,588.33,453.31,1491.43,272.14,100.0,506.66,15.08,9.23,13
p5_d500,5,500,20,13,2026-06-08T02:40:43.386396,5,6,1200.0,0,0,0,892.74,615.97,1106.83,155.99,667.47,478.47,1568.92,389.88,100.0,507.52,17.34,4.62,13
p5_d500,5,500,20,14,2026-06-08T02:42:45.699738,5,6,1200.0,0,0,0,913.33,577.46,1096.76,163.07,507.34,481.84,537.34,18.78,100.0,505.9,13.55,10.77,13
p5_d500,5,500,20,15,2026-06-08T02:44:48.502690,5,5,1200.0,0,0,0,950.04,757.28,1093.17,113.19,508.43,482.84,532.94,16.01,100.0,510.05,16.57,4.29,14
p5_d500,5,500,20,16,2026-06-08T02:46:51.825778,5,6,1200.0,0,0,0,930.03,603.63,1119.39,153.88,511.35,484.92,549.43,18.46,100.0,508.7,14.27,10.77,13
p5_d500,5,500,20,17,2026-06-08T02:48:53.824224,5,5,1200.0,0,0,0,912.6,544.42,1117.85,154.64,508.76,466.73,546.86,24.35,100.0,508.45,17.35,4.29,14
p5_d500,5,500,20,18,2026-06-08T02:50:59.145760,5,7,1200.0,0,0,0,927.25,729.59,1099.93,134.08,509.08,473.82,548.63,22.32,100.0,508.82,15.07,7.69,13
p5_d500,5,500,20,19,2026-06-08T02:53:00.673654,5,3,1200.0,0,0,0,957.02,749.2,1110.99,113.92,504.59,466.09,538.61,20.56,100.0,503.73,17.67,4.29,14
p5_d500,5,500,20,20,2026-06-08T02:55:03.813995,5,4,1200.0,0,0,0,926.63,412.82,1119.77,191.98,506.8,473.17,548.95,22.01,100.0,502.92,13.91,9.23,13
p5_d500,5,500,20,21,2026-06-08T02:57:06.344303,5,5,1200.0,0,0,0,897.76,601.26,1104.2,143.89,736.8,485.82,1535.68,447.68,100.0,507.02,15.66,7.69,13
p5_d500,5,500,20,22,2026-06-08T02:59:09.903806,5,4,1200.0,0,0,0,957.81,760.19,1133.4,120.76,508.78,476.32,542.54,18.19,100.0,508.44,19.63,5.71,14
p5_d500,5,500,20,23,2026-06-08T03:01:13.362772,5,4,1200.0,0,0,0,936.84,767.31,1115.62,121.56,586.45,469.48,1569.48,296.04,100.0,506.03,18.99,7.69,13
p5_d500,5,500,20,24,2026-06-08T03:03:14.577967,5,3,1200.0,0,0,0,925.52,704.82,1124.11,130.24,500.94,476.63,518.93,13.96,100.0,506.19,17.73,12.31,13
p5_d500,5,500,20,25,2026-06-08T03:05:16.587531,5,6,1200.0,0,0,0,901.17,521.3,1114.98,189.36,586.77,445.99,1535.52,286.28,100.0,502.21,18.91,3.08,13
p5_d500,5,500,20,26,2026-06-08T03:07:19.464782,5,6,1200.0,0,0,0,936.83,751.25,1104.01,119.94,583.05,469.58,1533.77,274.23,100.0,506.88,16.44,2.86,14
p5_d500,5,500,20,27,2026-06-08T03:09:23.123921,5,2,1200.0,0,0,0,957.49,754.86,1114.76,115.8,495.14,450.85,543.53,23.21,100.0,506.2,16.14,5.71,14
p5_d500,5,500,20,28,2026-06-08T03:11:26.825808,5,3,1200.0,0,0,0,909.27,742.02,1075.1,122.5,581.94,479.42,1533.62,286.45,100.0,501.99,18.28,4.62,13
p5_d500,5,500,20,29,2026-06-08T03:13:28.028161,5,6,1200.0,0,0,0,922.32,666.49,1119.47,156.44,655.1,475.6,1540.75,373.85,100.0,504.17,17.03,1.43,14
p5_d500,5,500,20,30,2026-06-08T03:15:32.245664,5,5,1200.0,0,0,0,933.54,606.82,1120.69,157.73,506.04,481.72,547.85,17.07,100.0,510.65,16.5,10.77,13
p15_d0,15,0,0,1,2026-06-08T03:17:34.689506,10,0,8000.0,2,2,0,68361.19,8607.39,87105.7,23750.93,48.99,6.12,1031.48,209.27,100.0,6.18,0.11,12.08,24
p15_d0,15,0,0,2,2026-06-08T03:19:25.639939,10,0,8000.0,2,2,0,66230.24,13808.49,87294.28,27219.74,135.43,6.12,1063.23,349.17,100.0,6.16,0.11,16.67,24
p15_d0,15,0,0,3,2026-06-08T03:21:17.960909,10,0,8000.0,2,2,0,67402.15,8599.03,87184.78,30673.02,230.45,6.1,1057.18,434.98,100.0,6.18,0.11,13.04,23
p15_d0,15,0,0,4,2026-06-08T03:23:09.179072,10,0,8000.0,2,2,0,72225.89,9257.34,87315.25,24327.47,141.46,6.15,2064.2,472.86,100.0,6.17,0.12,18.7,23
p15_d0,15,0,0,5,2026-06-08T03:24:59.432518,10,0,8000.0,2,2,0,75571.05,12048.02,86923.38,20301.33,50.4,6.11,1065.01,216.11,100.0,6.17,0.11,13.75,24
p15_d0,15,0,0,6,2026-06-08T03:26:50.370404,10,0,8000.0,2,2,0,71013.41,8450.5,87083.14,27682.78,185.22,6.12,2054.51,504.34,100.0,6.17,0.12,14.78,23
p15_d0,15,0,0,7,2026-06-08T03:28:41.274244,10,0,8000.0,2,2,0,71223.84,2601.04,88257.63,27478.88,134.84,6.14,1057.38,347.51,100.0,6.16,0.12,17.08,24
p15_d0,15,0,0,8,2026-06-08T03:30:33.380139,10,0,8000.0,2,2,0,64374.71,8443.18,87427.71,30939.01,183.39,6.1,2035.61,499.35,100.0,6.17,0.12,16.96,23
p15_d0,15,0,0,9,2026-06-08T03:32:24.742441,10,0,8000.0,2,2,0,56594.56,2132.16,87182.5,33954.11,368.48,6.15,2088.59,673.95,100.0,6.16,0.11,18.7,23
p15_d0,15,0,0,10,2026-06-08T03:34:19.008363,10,0,8000.0,2,2,0,75594.12,10709.97,86873.66,21680.8,92.38,6.12,1062.17,291.76,100.0,6.17,0.11,12.5,24
p15_d0,15,0,0,11,2026-06-08T03:36:10.520989,10,0,8000.0,2,2,0,82837.95,53593.6,87770.9,6806.17,6.3,6.2,6.38,0.05,100.0,6.17,0.11,11.25,24
p15_d0,15,0,0,12,2026-06-08T03:38:00.548645,10,0,8000.0,2,2,0,60581.23,1299.71,87389.67,30338.62,230.58,6.09,2065.94,534.61,100.0,6.18,0.11,10.87,23
p15_d0,15,0,0,13,2026-06-08T03:39:51.527310,10,0,8000.0,2,2,0,59069.05,5876.6,87105.7,32069.94,272.81,6.13,2057.34,553.21,100.0,6.17,0.11,12.61,23
p15_d0,15,0,0,14,2026-06-08T03:41:43.892350,10,0,8000.0,2,2,0,67942.92,1297.66,87287.18,29443.46,142.17,6.15,2072.5,475.13,100.0,6.17,0.1,12.17,23
p15_d0,15,0,0,15,2026-06-08T03:43:34.300075,10,0,8000.0,2,2,0,62293.48,4926.51,87333.3,29722.96,229.5,6.12,2071.57,533.42,100.0,6.16,0.11,20.0,23
p15_d0,15,0,0,16,2026-06-08T03:45:27.295691,10,1,8000.0,2,2,0,57658.16,3607.46,87037.12,31838.91,427.43,6.19,4129.48,989.31,100.0,6.17,0.11,13.64,22
p15_d0,15,0,0,17,2026-06-08T03:47:20.400373,10,0,8000.0,2,2,0,70290.4,6511.41,87257.78,25654.69,184.48,6.14,2078.15,590.38,100.0,6.17,0.12,18.7,23
p15_d0,15,0,0,18,2026-06-08T03:49:12.925434,10,0,8000.0,2,2,0,64765.19,6618.16,87956.74,30923.15,229.93,6.18,2040.28,531.36,100.0,6.16,0.11,15.22,23
p15_d0,15,0,0,19,2026-06-08T03:51:04.477769,10,0,8000.0,2,2,0,64692.08,5830.95,87500.83,31119.48,229.44,6.17,2055.61,531.89,100.0,6.17,0.11,16.09,23
p15_d0,15,0,0,20,2026-06-08T03:52:55.997731,10,0,8000.0,2,2,0,76037.74,16850.68,87397.56,19173.95,49.18,6.12,1035.61,210.11,100.0,6.17,0.11,12.5,24
p15_d0,15,0,0,21,2026-06-08T03:54:46.621417,10,0,8000.0,2,2,0,64091.83,7416.38,86937.78,29792.0,228.39,6.13,2045.99,529.38,100.0,6.17,0.11,16.09,23
p15_d0,15,0,0,22,2026-06-08T03:56:38.376240,10,0,8000.0,2,2,0,64431.79,2588.97,87843.74,31731.69,232.35,6.15,1062.18,438.57,100.0,6.16,0.11,17.39,23
p15_d0,15,0,0,23,2026-06-08T03:58:29.696527,10,0,8000.0,2,2,0,65406.71,2516.9,87139.5,30669.88,230.96,6.16,2063.5,535.01,100.0,6.16,0.11,16.96,23
p15_d0,15,0,0,24,2026-06-08T04:00:22.163965,10,0,8000.0,2,2,0,70458.14,8672.35,87790.16,26495.4,135.86,6.09,1057.35,350.33,100.0,6.16,0.11,17.92,24
p15_d0,15,0,0,25,2026-06-08T04:02:15.871738,10,0,8000.0,2,2,0,58784.99,8217.49,86928.41,31383.09,316.85,6.13,2074.54,648.93,100.0,6.17,0.11,13.91,23
p15_d0,15,0,0,26,2026-06-08T04:04:09.026099,10,0,8000.0,2,2,0,73152.4,16304.9,87388.18,22756.58,91.79,6.12,1041.19,289.83,100.0,6.16,0.11,17.5,24
p15_d0,15,0,0,27,2026-06-08T04:06:01.277763,10,0,8000.0,2,2,0,67459.93,8787.58,87365.42,27579.21,184.27,6.1,2072.88,504.4,100.0,6.16,0.12,16.09,23
p15_d0,15,0,0,28,2026-06-08T04:07:51.994800,10,0,8000.0,2,2,0,72804.71,12818.96,87658.57,21285.67,49.99,6.13,1055.86,214.25,100.0,6.16,0.11,16.67,24
p15_d0,15,0,0,29,2026-06-08T04:09:42.788532,10,0,8000.0,2,2,0,70042.52,13905.82,87778.25,26775.3,136.58,6.1,1056.88,352.22,100.0,6.17,0.11,14.17,24
p15_d0,15,0,0,30,2026-06-08T04:11:35.176883,10,0,8000.0,2,2,0,67151.31,2468.21,87139.1,29747.21,187.33,6.17,1065.0,403.52,100.0,6.17,0.11,16.09,23
p15_d50,15,50,5,1,2026-06-08T04:13:25.378646,10,0,8000.0,2,2,0,26607.21,3217.19,38600.1,11431.14,198.8,47.19,1098.4,362.7,100.0,56.59,4.49,16.36,22
p15_d50,15,50,5,2,2026-06-08T04:15:15.812235,10,0,8000.0,2,2,0,27343.62,8332.0,37962.42,8081.29,147.16,49.12,1101.35,299.44,100.0,56.43,4.69,13.04,23
p15_d50,15,50,5,3,2026-06-08T04:17:07.226210,10,1,8000.0,2,2,0,23633.73,5692.91,39119.07,11963.61,520.36,43.99,3158.1,852.91,100.0,56.76,4.05,19.0,20
p15_d50,15,50,5,4,2026-06-08T04:18:58.056432,10,1,8000.0,2,2,0,24586.26,2086.46,39944.12,10400.58,296.47,45.38,3124.38,714.54,100.0,56.28,4.88,14.29,21
p15_d50,15,50,5,5,2026-06-08T04:20:48.472581,10,0,8000.0,2,2,0,26160.71,6633.29,38277.82,9847.56,249.91,52.36,2125.68,522.13,100.0,56.6,4.38,15.91,22
p15_d50,15,50,5,6,2026-06-08T04:22:39.368440,10,1,8000.0,2,2,0,24096.53,3855.34,38580.9,9991.33,351.64,44.2,3123.31,735.71,100.0,56.55,4.5,13.81,21
p15_d50,15,50,5,7,2026-06-08T04:24:30.093960,10,0,8000.0,2,2,0,23302.7,5611.0,38822.61,10275.48,291.9,48.03,1106.75,444.93,100.0,56.0,4.51,15.0,22
p15_d50,15,50,5,8,2026-06-08T04:26:22.709500,10,0,8000.0,2,2,0,25677.28,1997.96,40232.1,10821.4,244.47,45.35,1111.84,410.47,100.0,56.83,4.77,12.27,22
p15_d50,15,50,5,9,2026-06-08T04:28:13.344924,10,0,8000.0,2,2,0,23898.41,8645.72,37221.68,9482.78,246.09,46.91,1110.98,411.47,100.0,56.52,4.48,15.45,22
p15_d50,15,50,5,10,2026-06-08T04:30:05.422549,10,0,8000.0,2,2,0,27531.59,5715.14,39294.1,10815.08,189.85,47.28,1099.64,355.31,100.0,56.65,4.47,17.39,23
p15_d50,15,50,5,11,2026-06-08T04:31:57.366691,10,0,8000.0,2,2,0,22360.82,6198.86,39196.99,12132.22,450.4,47.87,2114.57,609.78,100.0,56.25,4.7,14.76,21
p15_d50,15,50,5,12,2026-06-08T04:33:50.060203,10,0,8000.0,2,2,0,26288.49,7996.15,38822.25,11125.42,242.74,45.13,1077.91,400.3,100.0,56.94,4.37,17.27,22
p15_d50,15,50,5,13,2026-06-08T04:35:40.607211,10,0,8000.0,2,2,0,25145.19,4629.75,37635.51,11039.73,292.34,51.27,2097.19,544.21,100.0,56.59,4.69,11.82,22
p15_d50,15,50,5,14,2026-06-08T04:37:32.152897,10,0,8000.0,2,2,0,26052.17,6572.31,39724.06,10362.41,244.27,48.18,1113.31,405.7,100.0,55.9,4.65,19.55,22
p15_d50,15,50,5,15,2026-06-08T04:39:23.036281,10,0,8000.0,2,2,0,27678.92,5738.63,38325.17,10209.74,193.86,50.62,2111.58,472.09,100.0,56.43,4.62,10.43,23
p15_d50,15,50,5,16,2026-06-08T04:41:16.263674,10,0,8000.0,2,2,0,27220.66,8189.26,38341.66,8328.98,99.95,47.77,1065.62,210.56,100.0,56.12,4.85,13.04,23
p15_d50,15,50,5,17,2026-06-08T04:43:07.051629,10,0,8000.0,2,2,0,25362.71,1992.76,38174.84,10575.69,246.4,46.71,1118.67,410.89,100.0,56.22,4.51,15.45,22
p15_d50,15,50,5,18,2026-06-08T04:44:57.863317,10,0,8000.0,2,2,0,25056.13,6030.34,38479.57,11425.74,293.34,49.17,1112.01,444.88,100.0,56.01,4.09,10.91,22
p15_d50,15,50,5,19,2026-06-08T04:46:49.122859,10,0,8000.0,2,2,0,29176.29,4459.32,39324.12,8729.56,100.69,49.99,1105.17,213.99,100.0,56.51,5.0,12.5,24
p15_d50,15,50,5,20,2026-06-08T04:48:41.458306,10,0,8000.0,2,2,0,25101.99,4555.31,38375.72,9423.26,199.41,50.76,1101.8,363.75,100.0,56.35,3.91,17.27,22
p15_d50,15,50,5,21,2026-06-08T04:50:32.662533,10,0,8000.0,2,2,0,24257.97,1161.78,39149.62,11945.58,335.06,48.3,2088.84,560.74,100.0,56.34,4.78,15.0,22
p15_d50,15,50,5,22,2026-06-08T04:52:25.141295,10,0,8000.0,2,2,0,26230.93,5992.92,39285.31,9820.67,193.93,46.48,1113.81,360.55,100.0,56.37,4.73,16.52,23
p15_d50,15,50,5,23,2026-06-08T04:54:20.227233,10,0,8000.0,2,2,0,25669.19,6982.36,38889.34,10507.81,245.17,52.56,2118.31,515.03,100.0,56.23,4.69,14.09,22
p15_d50,15,50,5,24,2026-06-08T04:56:11.597760,10,0,8000.0,2,2,0,27746.02,7956.98,39649.61,9906.08,145.29,48.93,1098.71,299.4,100.0,56.68,4.12,15.22,23
p15_d50,15,50,5,25,2026-06-08T04:58:02.889944,10,0,8000.0,2,2,0,22682.73,1716.45,38824.73,11955.86,351.47,51.27,2121.96,577.93,100.0,56.5,4.74,12.38,21
p15_d50,15,50,5,26,2026-06-08T04:59:55.015555,10,0,8000.0,2,2,0,25494.67,3639.89,40718.1,10078.13,242.01,45.65,2099.75,512.59,100.0,57.55,4.64,17.73,22
p15_d50,15,50,5,27,2026-06-08T05:01:46.728790,10,0,8000.0,2,2,0,25383.56,5605.24,37497.44,10974.55,289.17,51.18,2083.05,537.95,100.0,56.17,4.76,14.55,22
p15_d50,15,50,5,28,2026-06-08T05:03:39.025039,10,0,8000.0,2,2,0,25527.5,8638.22,38660.81,10409.26,293.8,46.12,1118.97,449.93,100.0,56.3,4.51,19.09,22
p15_d50,15,50,5,29,2026-06-08T05:05:32.560781,10,0,8000.0,2,2,0,25548.97,7778.47,37581.12,9494.95,198.58,51.49,2137.91,485.73,100.0,56.3,4.33,14.55,22
p15_d50,15,50,5,30,2026-06-08T05:07:24.162449,10,0,8000.0,2,2,0,27726.16,8241.71,39169.86,9433.79,143.83,44.25,1069.69,290.65,100.0,56.69,4.86,16.96,23
p15_d200,15,200,10,1,2026-06-08T05:09:15.418230,5,1,6400.0,4,3,1,6123.73,1491.6,11754.08,3154.57,358.68,180.65,2250.58,498.15,100.0,204.51,7.39,17.0,20
p15_d200,15,200,10,2,2026-06-08T05:11:18.714138,5,0,6075.0,8,5,3,6304.19,1399.82,11542.26,3250.01,302.52,189.13,1227.71,306.92,100.0,209.28,8.45,16.19,21
p15_d200,15,200,10,3,2026-06-08T05:13:20.467868,5,1,5866.67,10,6,4,5494.36,2135.89,11246.66,2613.03,468.02,193.09,1260.15,459.28,100.0,207.17,7.65,14.0,20
p15_d200,15,200,10,4,2026-06-08T05:15:24.080391,5,0,7500.0,4,3,1,7982.14,2274.95,12431.28,3234.47,257.33,195.23,1239.66,225.21,100.0,206.04,8.0,19.05,21
p15_d200,15,200,10,5,2026-06-08T05:17:28.937454,5,2,6000.0,4,3,1,5960.96,1473.23,11661.64,2927.35,535.21,193.08,2259.99,598.62,100.0,206.95,6.88,12.63,19
p15_d200,15,200,10,6,2026-06-08T05:19:30.956102,5,1,7466.67,4,3,1,7593.06,2260.99,11627.26,2982.22,364.97,178.66,1270.88,387.85,100.0,206.27,7.38,15.0,20
p15_d200,15,200,10,7,2026-06-08T05:21:32.997289,5,1,5946.67,8,5,3,5988.95,1406.0,11603.93,3361.39,360.65,188.98,2293.52,512.18,100.0,207.94,7.06,14.0,20
p15_d200,15,200,10,8,2026-06-08T05:23:35.917013,5,1,5946.67,6,4,2,5919.67,951.72,11569.16,3115.11,358.84,179.88,1247.87,379.66,100.0,205.56,8.4,22.0,20
p15_d200,15,200,10,9,2026-06-08T05:25:39.543669,5,3,5428.57,4,3,1,5632.82,1908.49,11426.83,2342.67,375.08,193.48,1273.97,389.86,100.0,205.19,7.79,7.37,19
p15_d200,15,200,10,10,2026-06-08T05:27:41.412617,5,0,6500.0,2,2,0,6795.12,2262.81,11659.55,2836.56,348.87,191.04,1230.07,365.5,100.0,207.15,9.77,6.67,21
p15_d200,15,200,10,11,2026-06-08T05:29:43.885021,5,1,6400.0,2,2,0,6770.76,2302.03,11602.79,2734.37,311.09,180.09,1223.35,309.58,100.0,205.12,8.14,13.0,20
p15_d200,15,200,10,12,2026-06-08T05:31:44.906324,5,2,6085.71,6,4,2,5988.62,1077.57,11704.6,3275.5,426.06,187.55,1273.58,440.48,100.0,206.23,8.24,12.63,19
p15_d200,15,200,10,13,2026-06-08T05:33:47.002417,5,0,4053.33,12,7,5,4199.39,1212.33,10072.2,2461.62,521.78,182.62,1276.15,488.48,100.0,205.87,8.4,10.0,20
p15_d200,15,200,10,14,2026-06-08T05:35:49.473921,5,0,7200.0,4,3,1,7709.19,2278.54,12402.62,3241.71,310.12,196.38,1278.53,322.69,100.0,205.91,8.52,12.0,20
p15_d200,15,200,10,15,2026-06-08T05:37:51.065034,5,1,6571.43,6,4,2,6567.33,2343.36,11623.16,2116.39,315.13,196.08,1258.04,323.65,100.0,206.76,7.2,12.63,19
p15_d200,15,200,10,16,2026-06-08T05:39:51.531851,5,2,6000.0,6,4,2,5542.82,1195.76,10170.83,2239.8,535.7,192.95,3291.98,770.74,100.0,206.44,7.89,15.79,19
p15_d200,15,200,10,17,2026-06-08T05:41:53.663908,5,2,5714.29,2,2,0,6143.88,2275.5,11611.35,3025.7,585.55,181.43,2295.18,707.11,100.0,205.82,7.22,17.89,19
p15_d200,15,200,10,18,2026-06-08T05:43:56.838356,5,1,7200.0,4,3,1,7406.07,2260.65,11847.32,2853.97,315.61,199.76,1278.91,319.34,100.0,206.51,7.81,16.0,20
p15_d200,15,200,10,19,2026-06-08T05:46:00.817872,5,2,6285.71,4,3,1,6419.09,2063.89,11421.96,2930.55,469.79,193.38,2220.08,566.58,100.0,204.4,6.67,20.0,19
p15_d200,15,200,10,20,2026-06-08T05:48:01.735687,5,1,6666.67,4,3,1,7046.32,598.47,12414.86,3119.36,326.36,190.34,1237.05,341.81,100.0,208.29,8.82,18.82,17
p15_d200,15,200,10,21,2026-06-08T05:50:04.176568,5,2,5314.29,10,6,4,5414.94,1065.35,11598.26,3205.18,530.24,182.29,2280.13,605.77,100.0,205.76,7.05,16.84,19
p15_d200,15,200,10,22,2026-06-08T05:52:05.050782,5,3,4857.14,6,4,2,5070.22,2228.8,8289.44,1564.83,426.0,189.32,1272.45,443.62,100.0,207.12,8.33,8.42,19
p15_d200,15,200,10,23,2026-06-08T05:54:07.622689,5,0,6666.67,4,3,1,6922.51,2276.33,11682.32,2811.45,414.84,176.77,1279.77,431.97,100.0,208.66,7.19,11.0,20
p15_d200,15,200,10,24,2026-06-08T05:56:08.842254,5,0,6250.0,2,2,0,6705.07,2261.81,11559.25,2916.51,303.3,182.06,1246.25,313.64,100.0,205.29,8.81,14.29,21
p15_d200,15,200,10,25,2026-06-08T05:58:13.148869,5,1,5946.67,8,5,3,6309.37,884.86,11756.22,3559.56,465.35,184.53,2317.25,573.95,100.0,204.65,8.32,17.0,20
p15_d200,15,200,10,26,2026-06-08T06:00:14.485633,5,0,6666.67,2,2,0,6852.77,2324.98,12221.81,2900.86,411.5,184.55,1249.72,423.92,100.0,207.51,7.02,19.0,20
p15_d200,15,200,10,27,2026-06-08T06:02:17.211889,5,1,6000.0,2,2,0,6439.99,1913.34,11514.58,2906.74,422.94,184.39,1254.19,432.68,100.0,204.02,8.89,15.79,19
p15_d200,15,200,10,28,2026-06-08T06:04:18.271838,5,4,6285.71,2,2,0,6137.6,1415.56,11628.04,2993.43,476.24,185.16,2251.41,667.75,100.0,205.41,7.01,10.53,19
p15_d200,15,200,10,29,2026-06-08T06:06:21.534072,5,1,6133.33,4,3,1,6455.76,2279.14,11700.81,2884.71,360.03,194.47,1234.09,369.56,100.0,204.73,7.95,18.0,20
p15_d200,15,200,10,30,2026-06-08T06:08:22.270538,5,1,6133.33,4,3,1,6398.22,2226.19,11644.77,2323.5,311.37,181.93,1260.79,317.39,100.0,206.66,8.16,13.0,20
p15_d500,15,500,20,1,2026-06-08T06:10:23.537854,5,8,1200.0,0,0,0,861.09,262.03,1092.53,239.73,504.25,459.77,539.88,26.22,100.0,509.78,15.2,8.33,12
p15_d500,15,500,20,2,2026-06-08T06:12:27.381682,5,6,1200.0,0,0,0,893.79,658.86,1101.67,141.25,666.78,459.6,1606.76,397.31,100.0,504.38,16.4,13.85,13
p15_d500,15,500,20,3,2026-06-08T06:14:31.415488,5,8,1200.0,0,0,0,887.65,559.17,1104.02,187.61,510.97,492.5,536.84,12.7,100.0,501.01,19.47,9.23,13
p15_d500,15,500,20,4,2026-06-08T06:16:35.223353,5,6,1200.0,0,0,0,858.85,382.85,1111.21,229.6,756.2,475.3,2525.03,630.76,100.0,506.47,15.49,11.67,12
p15_d500,15,500,20,5,2026-06-08T06:18:38.119676,5,6,1200.0,0,0,0,845.79,470.66,1088.62,186.82,681.8,491.27,1554.98,406.61,100.0,505.83,16.21,13.33,12
p15_d500,15,500,20,6,2026-06-08T06:20:41.180954,5,6,1200.0,0,0,0,849.93,414.31,1085.85,238.14,768.43,478.92,3601.05,892.29,100.0,508.33,15.89,16.67,12
p15_d500,15,500,20,7,2026-06-08T06:22:46.098053,5,5,1200.0,0,0,0,849.2,378.7,1122.05,244.52,758.55,464.78,2553.63,646.0,100.0,501.75,16.16,3.33,12
p15_d500,15,500,20,8,2026-06-08T06:24:48.229731,5,6,1200.0,0,0,0,909.88,600.22,1108.69,164.26,594.16,472.64,1539.38,284.6,100.0,503.18,17.48,12.31,13
p15_d500,15,500,20,9,2026-06-08T06:26:53.063326,5,9,1200.0,0,0,0,797.28,366.98,1043.5,199.8,931.15,468.58,3574.87,920.28,100.0,506.9,19.31,13.33,12
p15_d500,15,500,20,10,2026-06-08T06:28:59.403328,5,9,1200.0,0,0,0,827.34,477.08,1086.74,229.67,590.9,478.74,1497.35,285.92,100.0,500.68,19.65,15.0,12
p15_d500,15,500,20,11,2026-06-08T06:31:04.667710,5,6,1200.0,0,0,0,874.5,464.19,1128.58,210.25,761.71,464.38,1556.86,463.99,100.0,505.93,14.51,20.0,12
p15_d500,15,500,20,12,2026-06-08T06:33:06.414281,5,8,1200.0,0,0,0,830.16,595.25,1106.16,170.7,671.52,484.09,1528.98,393.06,100.0,508.82,17.25,13.33,12
p15_d500,15,500,20,13,2026-06-08T06:35:08.999772,5,11,1200.0,0,0,0,825.66,376.5,1097.46,214.38,931.5,461.4,2537.83,685.65,100.0,500.05,14.7,11.67,12
p15_d500,15,500,20,14,2026-06-08T06:37:13.193642,5,8,1200.0,0,0,0,839.3,605.74,1101.02,151.33,766.26,473.34,1559.88,467.85,100.0,502.65,15.15,10.0,12
p15_d500,15,500,20,15,2026-06-08T06:39:16.605059,5,8,1200.0,0,0,0,745.08,476.38,978.67,181.61,1071.01,477.57,2584.6,848.5,100.0,501.66,13.89,18.18,11
p15_d500,15,500,20,16,2026-06-08T06:41:18.943240,5,8,1200.0,0,0,0,833.16,349.1,1089.72,264.14,695.72,484.7,1540.11,411.37,100.0,501.99,15.85,21.82,11
p15_d500,15,500,20,17,2026-06-08T06:43:21.715777,5,8,1200.0,0,0,0,849.17,423.03,1086.66,201.93,673.81,487.61,1562.09,409.92,100.0,501.91,16.83,13.33,12
p15_d500,15,500,20,18,2026-06-08T06:45:24.356261,5,7,1200.0,0,0,0,855.44,408.94,1081.26,201.24,515.43,496.68,539.07,12.75,100.0,510.22,19.41,21.67,12
p15_d500,15,500,20,19,2026-06-08T06:47:28.130345,5,7,1200.0,0,0,0,831.04,523.33,1088.4,150.73,674.11,458.59,1520.93,392.34,100.0,502.45,14.51,23.33,12
p15_d500,15,500,20,20,2026-06-08T06:49:33.196356,5,6,1200.0,0,0,0,926.44,564.06,1124.59,161.9,506.65,476.74,531.38,17.68,100.0,508.8,16.68,7.69,13
p15_d500,15,500,20,22,2026-06-08T06:52:38.255247,5,7,1200.0,0,0,0,839.42,476.27,1050.62,181.98,596.47,460.51,1555.85,302.81,100.0,509.8,16.19,20.0,12
p15_d500,15,500,20,23,2026-06-08T06:54:43.325653,5,7,1200.0,0,0,0,862.2,601.52,1057.13,145.83,518.2,487.76,550.84,17.29,100.0,506.52,16.45,20.0,12
p15_d500,15,500,20,24,2026-06-08T06:56:44.821600,5,8,1200.0,0,0,0,866.59,577.18,1112.74,171.18,584.44,475.27,1505.17,277.32,100.0,510.27,15.89,7.69,13
p15_d500,15,500,20,25,2026-06-08T06:58:50.273628,5,8,1200.0,0,0,0,806.94,548.46,1106.06,181.44,939.69,443.06,1575.59,536.83,100.0,507.09,13.94,18.33,12
p15_d500,15,500,20,26,2026-06-08T07:00:54.049642,5,8,1200.0,0,0,0,876.35,591.67,1098.13,171.06,742.65,469.95,1569.27,460.13,100.0,504.19,16.13,16.92,13
p15_d500,15,500,20,27,2026-06-08T07:03:00.091175,5,8,1200.0,0,0,0,811.5,500.5,1059.1,150.06,768.67,488.29,1568.48,473.75,100.0,505.06,14.72,26.67,12
p15_d500,15,500,20,28,2026-06-08T07:05:06.786261,5,9,1200.0,0,0,0,847.88,525.61,1110.02,208.53,765.85,459.6,1579.77,473.17,100.0,507.29,16.06,13.33,12
p15_d500,15,500,20,29,2026-06-08T07:07:09.229263,5,7,1200.0,0,0,0,878.05,568.12,1109.98,184.89,661.09,457.68,1583.2,394.56,100.0,510.12,16.25,16.92,13
p15_d500,15,500,20,21,2026-06-10T11:58:58.495523,5,11,1200.0,0,0,0,857.52,520.65,1093.62,194.28,653.06,445.99,1523.59,383.39,100.0,506.06,12.62,9.23,13
p15_d500,15,500,20,30,2026-06-10T12:01:04.777018,5,4,1200.0,0,0,0,914.95,649.98,1109.09,142.56,669.5,489.71,1582.48,401.66,100.0,504.32,16.7,24.62,13
